Publication date,Compute_Log10,Parameters,Domain,Organization,Region
2026-02-19,24.12,398000000000.0,Language & Audio,"Prime Intellect,Arcee AI",United States
2026-02-17,24.84,744000000000.0,Language & Audio,Z.ai (Zhipu AI),China
2026-02-02,24.76,1040000000000.0,Language & Audio,Moonshot,China
2025-12-22,24.65,358000000000.0,Language & Audio,Z.ai (Zhipu AI),China
2025-12-16,24.39,309000000000.0,Language & Audio,Xiaomi Corp,China
2025-12-15,23.68,31600000000.0,Language & Audio,NVIDIA,United States
2025-11-20,24.04,32000000000.0,Language & Audio,Allen Institute for AI,United States
2025-11-20,23.3,850000000.0,Vision & Media,Meta AI,United States
2025-11-06,24.62,1000000000000.0,Language & Audio,Moonshot,China
2025-10-30,24.99,34100000000.0,Multimodal,Beijing Academy of Artificial Intelligence / BAAI,China
2025-10-30,23.01,48000000000.0,Language & Audio,Moonshot,China
2025-10-25,23.94,12000000000.0,Multimodal,"Ukrainian Catholic University,Igor Sikorsky Kyiv Polytechnic Institute,AGH University of Krakow,Lviv Polytechnic",Europe
2025-10-23,23.23,16400000000.0,Language & Audio,Ant Group,China
2025-10-23,23.89,104200000000.0,Language & Audio,Ant Group,China
2025-10-18,23.04,102000000000.0,Science & Engineering,Anthrogen,United States
2025-10-10,24.78,1000000000000.0,Language & Audio,Ant Group,China
2025-10-02,23.13,7000000000.0,Language & Audio,IBM,United States
2025-10-02,23.5,3000000000.0,Language & Audio,IBM,United States
2025-10-02,24.08,32000000000.0,Language & Audio,IBM,United States
2025-09-30,24.65,357000000000.0,Language & Audio,"Z.ai (Zhipu AI),Tsinghua University",China
2025-09-29,24.62,671000000000.0,Language & Audio,DeepSeek,China
2025-09-23,21.3,3000000000.0,Science & Engineering,Apple,United States
2025-09-22,24.56,671000000000.0,Language & Audio,DeepSeek,China
2025-09-22,22.56,35300000000.0,Multimodal,Alibaba,China
2025-09-22,22.56,35300000000.0,Multimodal,Alibaba,China
2025-09-16,23.82,30000000000.0,Language & Audio,Alibaba,China
2025-09-10,23.43,80000000000.0,Language & Audio,Alibaba,China
2025-09-10,23.23,16000000000.0,Language & Audio,Ant Group,China
2025-09-10,23.86,100000000000.0,Language & Audio,Ant Group,China
2025-09-05,25.18,1000000000000.0,Language & Audio,Alibaba,China
2025-09-02,24.83,70000000000.0,Language & Audio,"ETH Zurich,Ecole Polytechnique F´ed´erale de Lausanne (EPFL),Swiss National Supercomputing Centre (CSCS),Swisscom",Europe
2025-09-01,24.57,560000000000.0,Language & Audio,Meituan Inc,China
2025-08-21,24.56,671000000000.0,Language & Audio,DeepSeek,China
2025-08-21,23.33,7000000000.0,Language & Audio,"OpenGPT-X,Fraunhofer Institute for Algorithms and Scientific Computing,Forschungszentrum Julich,Technische Universität Dresden",Europe
2025-08-20,21.47,366000000.0,Science & Engineering,"NASA,University of Alabama,IBM Research",United States
2025-08-20,16.77,7000000000.0,Science & Engineering,Massachusetts Institute of Technology (MIT),United States
2025-08-18,24.18,9000000000.0,Language & Audio,NVIDIA,United States
2025-08-18,24.18,12000000000.0,Language & Audio,NVIDIA,United States
2025-08-15,24.26,108000000000.0,Multimodal,"Z.ai (Zhipu AI),Tsinghua University",China
2025-08-15,23.96,9000000000.0,Multimodal,"Z.ai (Zhipu AI),Tsinghua University",China
2025-08-14,21.99,270000000.0,Language & Audio,Google DeepMind,United States
2025-08-05,24.69,116830000000.0,Language & Audio,OpenAI,United States
2025-08-05,23.74,20910000000.0,Language & Audio,OpenAI,United States
2025-08-05,24.65,355000000000.0,Language & Audio,"Z.ai (Zhipu AI),Tsinghua University",China
2025-08-05,24.22,106000000000.0,Language & Audio,"Z.ai (Zhipu AI),Tsinghua University",China
2025-07-30,18.37,480000000.0,Science & Engineering,"Google DeepMind,Google",United States
2025-07-28,23.62,14000000000.0,Vision & Media,Alibaba,China
2025-07-25,24.68,235000000000.0,Language & Audio,Alibaba,China
2025-07-25,24.68,235000000000.0,Language & Audio,Alibaba,China
2025-07-22,24.2,480000000000.0,Language & Audio,Alibaba,China
2025-07-11,24.47,1000000000000.0,Language & Audio,Moonshot,China
2025-07-09,26.7,3000000000000.0,Multimodal,xAI,United States
2025-07-06,24.09,142000000000.0,Language & Audio,Rednote,China
2025-06-29,24.45,300000000000.0,Language & Audio,Baidu,China
2025-06-29,23.26,21000000000.0,Language & Audio,Baidu,China
2025-06-25,22.13,450000000.0,Science & Engineering,Google DeepMind,United States
2025-06-13,24.64,456000000000.0,Language & Audio,MiniMax,China
2025-06-13,24.62,456000000000.0,Language & Audio,MiniMax,China
2025-06-12,21.98,720000000.0,Science & Engineering,Google DeepMind,United States
2025-06-11,21.96,1000000000.0,Multimodal,Facebook AI Research,United States
2025-06-05,24.02,7000000000.0,Language & Audio,Xiaomi Corp,China
2025-06-04,24.06,7000000000.0,Multimodal,Xiaomi Corp,China
2025-06-03,22.53,4000000000.0,Language & Audio,Fish Audio,United States
2025-05-28,24.11,71990000000.0,Language & Audio,Huawei,China
2025-05-28,24.6,671000000000.0,Language & Audio,DeepSeek,China
2025-05-23,20.08,1000000000.0,Language & Audio,Google DeepMind,United States
2025-05-22,21.57,150000000.0,Language & Audio,LightOn,Europe
2025-05-20,23.71,7850000000.0,Multimodal,Google,United States
2025-05-19,23.79,8000000000.0,Language & Audio,Marin,United States
2025-05-10,21.2,330000000.0,Multimodal,NVIDIA,United States
2025-05-07,24.49,718000000000.0,Language & Audio,Huawei,China
2025-05-06,21.95,15000000000.0,Language & Audio,"NVIDIA,ServiceNow",United States
2025-04-30,23.97,14000000000.0,Language & Audio,Microsoft,United States
2025-04-30,21.57,149000000.0,Language & Audio,LightOn,Europe
2025-04-29,24.68,235000000000.0,Language & Audio,Alibaba,China
2025-04-29,23.81,30000000000.0,Language & Audio,Alibaba,China
2025-04-29,24.85,32800000000.0,Language & Audio,Alibaba,China
2025-04-29,24.5,14800000000.0,Language & Audio,Alibaba,China
2025-04-29,24.25,8200000000.0,Language & Audio,Alibaba,China
2025-04-29,23.94,4000000000.0,Language & Audio,Alibaba,China
2025-04-29,23.56,1700000000.0,Language & Audio,Alibaba,China
2025-04-29,23.11,600000000.0,Language & Audio,Alibaba,China
2025-04-28,24.17,8000000000.0,Language & Audio,Cisco,United States
2025-04-25,21.43,350000000.0,Language & Audio,PleIAs,Europe
2025-04-25,22.48,1200000000.0,Language & Audio,PleIAs,Europe
2025-04-23,23.64,9000000000.0,Language & Audio,"INSAIT,ETH Zurich",Europe
2025-04-17,20.66,95000000.0,Language & Audio,Darktrace,Europe
2025-04-14,23.86,8000000000.0,Language & Audio,NVIDIA,United States
2025-04-14,24.83,56000000000.0,Language & Audio,NVIDIA,United States
2025-04-14,24.46,32000000000.0,Language & Audio,Tsinghua University,China
2025-04-14,23.91,9000000000.0,Language & Audio,Tsinghua University,China
2025-04-14,24.46,32000000000.0,Language & Audio,"Z.ai (Zhipu AI),Tsinghua University",China
2025-04-11,23.95,7000000000.0,Vision & Media,ByteDance,China
2025-04-10,25.03,135000000000.0,Language & Audio,Huawei,China
2025-04-09,24.87,340000000000.0,Multimodal,"Google DeepMind,Google Research",United States
2025-04-08,24.33,27000000000.0,Multimodal,"Google DeepMind,Google Research",United States
2025-04-08,23.64,9000000000.0,Multimodal,"Google DeepMind,Google Research",United States
2025-04-08,22.51,2600000000.0,Multimodal,"Google DeepMind,Google Research",United States
2025-04-05,24.61,109000000000.0,Multimodal,Meta AI,United States
2025-04-05,24.35,400000000000.0,Multimodal,Meta AI,United States
2025-04-05,25.71,2000000000000.0,Multimodal,Meta AI,United States
2025-03-27,21.68,2600000000.0,Vision & Media,"Shanghai AI Lab,University of Sydney,Chinese University of Hong Kong (CUHK),Shanghai Jiao Tong University,Krea AI",China
2025-03-26,22.88,8685000000.0,Multimodal,Wayve,Europe
2025-03-24,24.52,671000000000.0,Language & Audio,DeepSeek,China
2025-03-18,25.59,253000000000.0,Language & Audio,NVIDIA,United States
2025-03-18,22.85,2190000000.0,Multimodal,NVIDIA,United States
2025-03-18,24.56,7000000000.0,Multimodal,NVIDIA,United States
2025-03-13,24.11,32000000000.0,Language & Audio,Allen Institute for AI,United States
2025-03-12,24.36,27000000000.0,Multimodal,Google DeepMind,United States
2025-03-12,23.94,12000000000.0,Multimodal,Google DeepMind,United States
2025-03-12,22.98,4000000000.0,Multimodal,Google DeepMind,United States
2025-03-12,22.08,1000000000.0,Language & Audio,Google DeepMind,United States
2025-03-11,24.73,560000000000.0,Language & Audio,Tencent,China
2025-03-10,23.17,16800000000.0,Language & Audio,Ant Group,China
2025-03-10,24.19,290000000000.0,Language & Audio,Ant Group,China
2025-03-06,24.55,32500000000.0,Language & Audio,Alibaba,China
2025-03-03,23.0,3800000000.0,Language & Audio,Microsoft,United States
2025-03-03,23.07,5600000000.0,Multimodal,Microsoft,United States
2025-02-25,23.4,14000000000.0,Multimodal,Alibaba,China
2025-02-25,23.87,8000000000.0,Language & Audio,Yandex,Europe
2025-02-24,24.61,30000000000.0,Vision & Media,StepFun,China
2025-02-20,22.91,1140000000.0,Vision & Media,Google DeepMind,United States
2025-02-19,24.35,40300000000.0,Science & Engineering,"Arc Institute,Stanford University,NVIDIA,Liquid,University of California (UC) Berkeley,Goodfire,Columbia University,University of California San Francisco",United States
2025-02-19,23.0,7000000000.0,Science & Engineering,"Arc Institute,Stanford University,NVIDIA,Liquid,University of California (UC) Berkeley,Goodfire,Columbia University,University of California San Francisco",United States
2025-02-19,22.61,2920000000.0,Multimodal,Google,United States
2025-02-19,24.98,72000000000.0,Multimodal,Alibaba,China
2025-02-19,24.0,7000000000.0,Multimodal,Alibaba,China
2025-02-19,23.61,3000000000.0,Multimodal,Alibaba,China
2025-02-18,18.21,400000000.0,Language & Audio,"Meta AI,Universite de Technologie de Compiègne – CNRS,Basque Center on Cognition",United States
2025-02-18,24.28,130000000000.0,Language & Audio,StepFun,China
2025-02-18,23.8,130000000000.0,Language & Audio,StepFun,China
2025-02-18,24.41,130000000000.0,Multimodal,StepFun,China
2025-02-17,26.54,3000000000000.0,Multimodal,xAI,United States
2025-02-08,21.38,13493916736.0,Robotics & Games,"NVIDIA,University of Washington,University of Southern California",United States
2025-02-03,22.29,600000000.0,Science & Engineering,"IBM Research,NASA,University of Alabama,University of Iceland,Forschungszentrum Julich,Virginia Tech (Virginia Polytechnic Institute and State University),Arizona State University,Oregon State University,Boston University,University of California (UC) Berkeley,Julich Supercomputing Center",United States
2025-02-03,21.85,300000000.0,Science & Engineering,"IBM Research,NASA,University of Alabama,University of Iceland,Forschungszentrum Julich,Virginia Tech (Virginia Polytechnic Institute and State University),Arizona State University,Oregon State University,Boston University,University of California (UC) Berkeley,Julich Supercomputing Center",United States
2025-02-03,20.6,7000000000.0,Language & Audio,"Shanghai AI Lab,Tsinghua University,University of Illinois Urbana-Champaign (UIUC),Peking University,Shanghai Jiao Tong University,Chinese University of Hong Kong (CUHK)",China
2025-01-30,24.06,24000000000.0,Language & Audio,Mistral AI,Europe
2025-01-26,22.52,11000000000.0,Multimodal,Baichuan,China
2025-01-22,21.57,149000000.0,Language & Audio,Alibaba,China
2025-01-20,24.54,671000000000.0,Language & Audio,DeepSeek,China
2025-01-20,22.67,8930000000.0,Multimodal,"NVIDIA,Nanjing University,Tsinghua University,Hong Kong Polytechnic University,Johns Hopkins University,New York University (NYU)",United States
2025-01-16,19.43,46800000.0,Science & Engineering,Microsoft Research AI for Science,United States
2025-01-14,24.5,456000000000.0,Language & Audio,MiniMax,China
2025-01-07,24.45,14000000000.0,Multimodal,NVIDIA,United States
2025-01-07,24.15,7000000000.0,Multimodal,NVIDIA,United States
2025-01-07,24.45,14000000000.0,Multimodal,NVIDIA,United States
2024-12-31,23.26,7000000000.0,Language & Audio,"Allen Institute for AI,University of Washington,New York University (NYU)",United States
2024-12-31,23.66,13000000000.0,Language & Audio,"Allen Institute for AI,University of Washington,New York University (NYU)",United States
2024-12-24,24.52,671000000000.0,Language & Audio,DeepSeek,China
2024-12-18,23.26,2500000000.0,Language & Audio,IBM,United States
2024-12-18,23.77,8100000000.0,Language & Audio,IBM,United States
2024-12-15,20.66,335800000.0,Language & Audio,"Shanghai Jiao Tong University,University of Cambridge,Geely Automobile Research Institute (Ningbo) Company",China
2024-12-13,23.0,20000000000.0,Language & Audio,Sber,Europe
2024-12-12,23.97,14000000000.0,Language & Audio,Microsoft Research,United States
2024-12-06,24.84,70000000000.0,Language & Audio,Meta AI,United States
2024-12-05,21.36,8000000000.0,Multimodal,"NVIDIA,Massachusetts Institute of Technology (MIT),University of California (UC) Berkeley,University of California San Diego,University of Washington,Tsinghua University",United States
2024-12-05,21.43,350000000.0,Language & Audio,PleIAs,Europe
2024-12-05,22.47,1200000000.0,Language & Audio,PleIAs,Europe
2024-12-03,23.17,13000000000.0,Vision & Media,Tencent,China
2024-11-29,22.78,10000000000.0,Language & Audio,"Prime Intellect,Hugging Face,Arcee AI",United States
2024-11-22,22.13,1500000000.0,Language & Audio,NVIDIA,United States
2024-11-18,23.63,7000000000.0,Language & Audio,360 Security Technology,China
2024-11-12,24.03,32500000000.0,Language & Audio,Alibaba,China
2024-11-11,21.15,665000000.0,Language & Audio,Earth Species Project,United States
2024-11-06,24.54,389000000000.0,Language & Audio,Tencent,China
2024-11-05,19.5,178045568.0,Multimodal,Recursion Pharmaceuticals,United States
2024-11-01,23.15,8800000000.0,Other,"Tsinghua University,Beijing University of Posts and Telecommunications",China
2024-10-31,19.6,229000000.0,Multimodal,Microsoft Research Asia,China
2024-10-28,20.91,650000000.0,Science & Engineering,"Shanghai Jiao Tong University,Shanghai AI Lab,East China University of Science and Technology,Shanghai Tech University,Guangzhou Inernational Bio Island,Chinese Academy of Sciences,Shanghai Academy of Experimental Medicine",China
2024-10-28,25.4,500000000000.0,Language & Audio,ByteDance,China
2024-10-22,24.48,72000000000.0,Multimodal,NVIDIA,United States
2024-10-22,24.48,72000000000.0,Multimodal,NVIDIA,United States
2024-10-22,24.48,72000000000.0,Multimodal,NVIDIA,United States
2024-10-21,23.77,8100000000.0,Language & Audio,IBM,United States
2024-10-21,23.26,2500000000.0,Language & Audio,IBM,United States
2024-10-20,22.82,2975000000.0,Vision & Media,Rhymes AI,United States
2024-10-10,22.61,1200000000.0,Robotics & Games,Tsinghua University,China
2024-10-08,21.88,2000000000.0,Vision & Media,"Peking University,Kuaishou Technology,Beijing University of Posts and Telecommunications",China
2024-10-08,23.15,24900000000.0,Multimodal,Rhymes AI,United States
2024-10-04,24.22,30000000000.0,Multimodal,Meta AI,United States
2024-10-04,23.15,13000000000.0,Language & Audio,Meta AI,United States
2024-09-25,22.13,72000000000.0,Multimodal,"Allen Institute for AI,University of Washington",United States
2024-09-24,22.59,650000000.0,Science & Engineering,InstaDeep,Europe
2024-09-24,23.76,10600000000.0,Multimodal,Meta AI,United States
2024-09-24,22.82,1230000000.0,Language & Audio,Meta AI,United States
2024-09-24,23.24,3210000000.0,Language & Audio,Meta AI,United States
2024-09-23,19.32,7900000.0,Science & Engineering,"University of Science and Technology of China (USTC),Hefei Comprehensive National Science Center,Harvard University,Broad Institute,Harvard Data Science Initiative",China
2024-09-20,24.84,115000000000.0,Language & Audio,China Telecom,China
2024-09-20,19.85,2300000000.0,Science & Engineering,"IBM Research,University of Alabama,Stanford University,Colorado State University,Oak Ridge National Laboratory,NASA",United States
2024-09-19,24.89,72700000000.0,Language & Audio,Alibaba,China
2024-09-19,24.89,72700000000.0,Language & Audio,Alibaba,China
2024-09-19,23.52,3090000000.0,Language & Audio,Alibaba,China
2024-09-19,23.91,7610000000.0,Language & Audio,Alibaba,China
2024-09-19,23.22,1540000000.0,Language & Audio,Alibaba,China
2024-09-19,24.2,14700000000.0,Language & Audio,Alibaba,China
2024-09-19,23.94,7000000000.0,Language & Audio,Alibaba,China
2024-09-19,23.24,1500000000.0,Language & Audio,Alibaba,China
2024-09-18,23.78,72000000000.0,Multimodal,Alibaba,China
2024-09-18,22.23,2000000000.0,Multimodal,Alibaba,China
2024-09-18,22.83,8000000000.0,Multimodal,Alibaba,China
2024-09-18,23.4,7610000000.0,Language & Audio,Alibaba,China
2024-09-18,22.71,1540000000.0,Language & Audio,Alibaba,China
2024-09-17,24.55,32500000000.0,Language & Audio,Alibaba,China
2024-09-13,20.41,17800000.0,Science & Engineering,"Shandong University,BioMap Research,Fuzhou University,Shanghai Jiao Tong University",China
2024-09-13,19.04,32000000.0,Science & Engineering,"CentraleSupelec,Gustave Roussy,Université Paris Cité",Europe
2024-09-12,20.69,335000000.0,Language & Audio,Microsoft,United States
2024-09-09,21.63,734000000.0,Science & Engineering,Carnegie Mellon University (CMU),United States
2024-09-08,21.56,217000000.0,Robotics & Games,Google DeepMind,United States
2024-09-06,24.25,236000000000.0,Language & Audio,DeepSeek,China
2024-09-03,22.71,7000000000.0,Language & Audio,"Allen Institute for AI,Contextual AI,University of Washington,Princeton University",United States
2024-08-27,20.89,1300000000.0,Language & Audio,"MIT-IBM Watson AI Lab,Massachusetts Institute of Technology (MIT)",United States
2024-08-27,19.49,340000000.0,Language & Audio,"MIT-IBM Watson AI Lab,Massachusetts Institute of Technology (MIT)",United States
2024-08-26,23.65,7041544704.0,Language & Audio,Aleph Alpha,Europe
2024-08-26,20.85,1200000000.0,Language & Audio,Nous Research,United States
2024-08-21,21.34,1300000000.0,Multimodal,Microsoft,United States
2024-08-20,18.23,24670596.0,Science & Engineering,"University of Florida,Sichuan University,Shihezi University,University of Macau,University of Texas Health Science Center",United States
2024-08-19,21.08,1500000000.0,Language & Audio,"Carnegie Mellon University (CMU),Mohamed bin Zayed University of Artificial Intelligence (MBZUAI),Cartesia",United States
2024-08-16,21.38,4000000000.0,Multimodal,"Salesforce Research,University of Washington",United States
2024-08-12,23.86,8000000000.0,Science & Engineering,University of Siena,Europe
2024-08-06,24.48,72000000000.0,Multimodal,"ByteDance,Nanyang Technological University,Chinese University of Hong Kong (CUHK),Hong Kong University of Science and Technology (HKUST)",China
2024-07-29,23.65,2730000000.0,Language & Audio,Apple,United States
2024-07-29,22.09,224400000.0,Multimodal,Meta AI,United States
2024-07-29,21.73,232000000.0,Vision & Media,Microsoft,United States
2024-07-29,22.09,771000000.0,Vision & Media,Microsoft,United States
2024-07-24,25.33,123000000000.0,Language & Audio,Mistral AI,Europe
2024-07-23,25.58,405000000000.0,Language & Audio,Meta AI,United States
2024-07-23,24.9,70000000000.0,Language & Audio,Meta AI,United States
2024-07-23,24.09,8000000000.0,Language & Audio,Meta AI,United States
2024-07-20,23.02,7000000000.0,Language & Audio,Apple,United States
2024-07-15,20.53,186000000.0,Science & Engineering,University of Exeter,Europe
2024-07-12,10.59,2176.0,Science & Engineering,"Sun Yat-sen University,University of California Irvine,Guangdong Provincial People's Hospital,Guangdong Academy of Medical Sciences",China
2024-07-10,22.03,3000000000.0,Vision & Media,Google DeepMind,United States
2024-07-10,19.62,150000000.0,Language & Audio,Prime Intellect,United States
2024-07-10,20.78,1100000000.0,Language & Audio,Prime Intellect,United States
2024-06-25,24.03,98500000000.0,Science & Engineering,"EvolutionaryScale,University of California (UC) Berkeley",United States
2024-06-25,21.43,1400000000.0,Science & Engineering,"EvolutionaryScale,University of California (UC) Berkeley",United States
2024-06-24,23.64,9000000000.0,Language & Audio,Google DeepMind,United States
2024-06-24,24.32,27000000000.0,Language & Audio,Google DeepMind,United States
2024-06-24,22.49,2600000000.0,Language & Audio,Google DeepMind,United States
2024-06-17,24.11,236000000000.0,Language & Audio,DeepSeek,China
2024-06-17,23.23,7000000000.0,Multimodal,"Alibaba,Nanjing University",China
2024-06-15,23.64,38800000000.0,Language & Audio,China Mobile,China
2024-06-14,25.26,340000000000.0,Language & Audio,NVIDIA,United States
2024-06-13,23.04,7188100000.0,Multimodal,"Stanford University,University of California (UC) Berkeley,Toyota Research Institute,Google DeepMind,Massachusetts Institute of Technology (MIT),Physical Intelligence",United States
2024-06-12,23.26,8660000000.0,Language & Audio,NVIDIA,United States
2024-06-12,22.56,3000000000.0,Multimodal,"Infinigence AI,Tsinghua University,Shanghai Jiao Tong University",China
2024-06-11,22.86,3800000000.0,Language & Audio,"Microsoft,University of Illinois Urbana-Champaign (UIUC)",United States
2024-06-11,21.24,307000000.0,Vision & Media,"ByteDance,Technical University of Munich",China
2024-06-07,24.48,72710000000.0,Language & Audio,Alibaba,China
2024-06-07,23.47,7000000000.0,Language & Audio,Alibaba,China
2024-06-07,23.58,57000000000.0,Language & Audio,Alibaba,China
2024-06-07,22.8,1500000000.0,Language & Audio,Alibaba,China
2024-06-07,22.56,500000000.0,Language & Audio,Alibaba,China
2024-06-03,22.2,2442057984.0,Language & Audio,"Tsinghua University,ModelBest",China
2024-06-03,21.9,1247442432.0,Language & Audio,"Tsinghua University,ModelBest",China
2024-06-02,20.71,35000000.0,Science & Engineering,"AIRI Artificial Intelligence Research Institute,Skolkovo Institute of Science and Technology,Belozersky Institute of Physio-Chemical Biology,Ligand Pro",Europe
2024-05-31,21.69,2700000000.0,Language & Audio,"Princeton University,Carnegie Mellon University (CMU)",United States
2024-05-31,23.48,20000000000.0,Language & Audio,IBM Research,United States
2024-05-30,22.49,1500000000.0,Multimodal,"Shanghai Tech University,Deemos Technology,Huazhong University of Science and Technology",China
2024-05-28,21.66,1300000000.0,Science & Engineering,Microsoft Research,United States
2024-05-28,23.61,15800000000.0,Language & Audio,Nanbeige LLM Lab,China
2024-05-26,22.95,7000000000.0,Language & Audio,Zyphra,United States
2024-05-24,20.51,15700000.0,Science & Engineering,"Columbia University,Rutgers University",United States
2024-05-23,17.17,29500000.0,Vision & Media,Tsinghua University,China
2024-05-22,23.15,7000000000.0,Language & Audio,360 Security Technology,China
2024-05-20,20.77,93000000.0,Robotics & Games,"University of California (UC) Berkeley,Stanford University,Carnegie Mellon University (CMU),DeepMind",United States
2024-05-17,20.81,110000000.0,Science & Engineering,"Shanghai Jiao Tong University,Shanghai AI Lab,East China University of Science and Technology",China
2024-05-16,24.22,34000000000.0,Multimodal,Facebook AI Research,United States
2024-05-16,23.52,7000000000.0,Multimodal,Facebook AI Research,United States
2024-05-15,19.03,67000000.0,Science & Engineering,"Prescient Design,Genentech",United States
2024-05-13,24.26,100000000000.0,Language & Audio,01.AI,China
2024-05-13,23.87,34000000000.0,Language & Audio,01.AI,China
2024-05-13,23.28,8830000000.0,Language & Audio,01.AI,China
2024-05-10,16.21,4500000.0,Science & Engineering,Microsoft Research AI for Science,United States
2024-05-10,20.05,182000000.0,Science & Engineering,Microsoft Research AI for Science,United States
2024-05-07,24.01,236000000000.0,Language & Audio,DeepSeek,China
2024-05-07,18.41,1422600000.0,Language & Audio,Johannes Kepler University Linz,Europe
2024-05-06,22.2,500000000000.0,Language & Audio,Microsoft,United States
2024-05-03,21.36,13493916736.0,Multimodal,"NVIDIA,Massachusetts Institute of Technology (MIT)",United States
2024-05-02,22.02,1080000000.0,Language & Audio,Apple,United States
2024-05-02,22.53,3040000000.0,Language & Audio,Apple,United States
2024-05-02,21.8,450000000.0,Language & Audio,Apple,United States
2024-05-02,21.44,270000000.0,Language & Audio,Apple,United States
2024-04-30,23.58,6700000000.0,Language & Audio,Facebook AI Research,United States
2024-04-30,23.19,13000000000.0,Language & Audio,Facebook AI Research,United States
2024-04-30,21.88,104000000.0,Science & Engineering,Peking University,China
2024-04-24,23.58,480000000000.0,Language & Audio,Snowflake,United States
2024-04-23,22.88,3800000000.0,Language & Audio,Microsoft,United States
2024-04-23,23.61,14000000000.0,Language & Audio,Microsoft,United States
2024-04-23,23.33,7400000000.0,Language & Audio,Microsoft,United States
2024-04-23,22.57,3800000000.0,Language & Audio,Microsoft,United States
2024-04-23,22.94,4200000000.0,Vision & Media,Microsoft,United States
2024-04-23,23.48,60800000000.0,Language & Audio,Microsoft,United States
2024-04-19,22.79,650000000.0,Science & Engineering,"Zhejiang University (ZJU),Westlake University",China
2024-04-18,24.9,70000000000.0,Language & Audio,Meta AI,United States
2024-04-18,23.86,8000000000.0,Language & Audio,Meta AI,United States
2024-04-18,22.4,1740000000.0,Language & Audio,Sber,Europe
2024-04-18,23.28,7000000000.0,Multimodal,Reka AI,United States
2024-04-17,24.37,141000000000.0,Language & Audio,Mistral AI,Europe
2024-04-15,24.92,67000000000.0,Multimodal,Reka AI,United States
2024-04-15,23.8,21000000000.0,Multimodal,Reka AI,United States
2024-04-11,21.24,2900000000.0,Language & Audio,"Shanghai AI Lab,Massachusetts Institute of Technology (MIT),Taptap",China
2024-04-11,21.78,1000000000.0,Language & Audio,"Shanghai AI Lab,Massachusetts Institute of Technology (MIT),Taptap",China
2024-04-08,23.46,12143605760.0,Language & Audio,Stability AI,Europe
2024-04-08,19.91,2300000000.0,Vision & Media,Yandex,Europe
2024-04-08,22.93,6950000000.0,Language & Audio,"SambaNova Systems, Inc",United States
2024-04-08,23.91,70000000000.0,Language & Audio,"SambaNova Systems, Inc",United States
2024-04-05,20.86,35000000.0,Science & Engineering,"Peking University,Nanjing University,Tsinghua University,PharMolix",China
2024-04-04,23.41,33000000000.0,Language & Audio,"Silo AI,University of Turku",Europe
2024-04-02,20.0,3000000000.0,Language & Audio,"Google DeepMind,McGill University,Mila - Quebec AI (originally Montreal Institute for Learning Algorithms)",United States
2024-04-01,22.13,149700000.0,Vision & Media,Apple,United States
2024-04-01,22.62,7000000000.0,Language & Audio,China Telecom,China
2024-04-01,22.16,3000000000.0,Language & Audio,China Telecom,China
2024-04-01,22.94,12000000000.0,Language & Audio,China Telecom,China
2024-03-27,24.41,132000000000.0,Language & Audio,Databricks,United States
2024-03-24,21.49,3000000000.0,Science & Engineering,"Technical University of Munich,Seoul National University,Institute for Advanced Study,TUM School of Life Sciences Weihenstephan",Europe
2024-03-17,21.32,86000000.0,Science & Engineering,"Microsoft Research,Syngentech,Tsinghua University",United States
2024-03-14,23.69,30000000000.0,Multimodal,Apple,United States
2024-03-11,20.38,8000000000.0,Multimodal,Covariant,United States
2024-03-08,23.01,7000000000.0,Multimodal,DeepSeek,China
2024-03-08,21.94,1300000000.0,Multimodal,DeepSeek,China
2024-02-29,23.59,15000000000.0,Language & Audio,"Hugging Face,ServiceNow,NVIDIA,BigCode",United States
2024-02-29,23.19,7000000000.0,Language & Audio,"Hugging Face,ServiceNow,NVIDIA,BigCode",United States
2024-02-29,22.77,3000000000.0,Language & Audio,"Hugging Face,ServiceNow,NVIDIA,BigCode",United States
2024-02-29,22.2,14000000000.0,Language & Audio,Google DeepMind,United States
2024-02-29,21.6,7000000000.0,Language & Audio,Google DeepMind,United States
2024-02-29,21.02,650000000.0,Science & Engineering,"University of Zagreb,Genome Institute of Singapore,Bioinformatics Institute",Europe
2024-02-27,22.3,7000000000.0,Science & Engineering,"Stanford University,University of California (UC) Berkeley,Together",United States
2024-02-27,22.46,70000000000.0,Language & Audio,"University of Chinese Academy of Sciences,Microsoft Research",China
2024-02-27,23.88,15000000000.0,Language & Audio,NVIDIA,United States
2024-02-26,22.92,7000000000.0,Science & Engineering,"Peking University,Peng Cheng Laboratory",China
2024-02-24,23.49,8540000000.0,Language & Audio,Google,United States
2024-02-23,23.44,175000000000.0,Language & Audio,"ByteDance,Peking University",China
2024-02-23,23.99,530000000000.0,Language & Audio,"ByteDance,Peking University",China
2024-02-23,24.59,530000000000.0,Language & Audio,"ByteDance,Peking University",China
2024-02-23,22.82,10700000000.0,Multimodal,Google DeepMind,United States
2024-02-22,22.7,8000000000.0,Vision & Media,Stability AI,Europe
2024-02-21,23.49,8538074112.0,Language & Audio,Google DeepMind,United States
2024-02-21,22.65,2506434560.0,Language & Audio,Google DeepMind,United States
2024-02-15,21.21,630000000.0,Vision & Media,Meta AI,United States
2024-02-12,22.59,1474624.0,Science & Engineering,"Wolfram Research,ASC27,Newport High School,Sanskriti School",United States
2024-02-07,22.02,270000000.0,Robotics & Games,DeepMind,Europe
2024-02-06,22.01,643000000.0,Science & Engineering,Microsoft Research,United States
2024-02-05,23.01,7000000000.0,Language & Audio,"DeepSeek,Tsinghua University,Peking University",China
2024-02-04,24.11,72000000000.0,Language & Audio,Alibaba,China
2024-02-04,23.23,7000000000.0,Language & Audio,Alibaba,China
2024-02-04,23.53,14000000000.0,Language & Audio,Alibaba,China
2024-02-01,23.01,7000000000.0,Language & Audio,"Allen Institute for AI,University of Washington",United States
2024-02-01,22.08,1000000000.0,Language & Audio,"Allen Institute for AI,University of Washington",United States
2024-01-30,20.41,34750000000.0,Multimodal,"University of Wisconsin Madison,ByteDance,Nanyang Technological University,University of California (UC) Berkeley",United States
2024-01-29,24.1,70000000000.0,Language & Audio,Meta AI,United States
2024-01-26,21.88,1137000000.0,Science & Engineering,Max Planck Institute of Biochemistry,Europe
2024-01-25,23.6,33000000000.0,Language & Audio,"DeepSeek,Peking University",China
2024-01-25,22.19,1300000000.0,Language & Audio,"DeepSeek,Peking University",China
2024-01-25,22.91,6700000000.0,Language & Audio,"DeepSeek,Peking University",China
2024-01-23,22.27,34000000000.0,Multimodal,01.AI,China
2024-01-18,22.28,1644417024.0,Language & Audio,Stability AI,Europe
2024-01-15,21.4,1700000000.0,Science & Engineering,Tianjin Medical University,China
2024-01-15,23.24,14000000000.0,Multimodal,"Shanghai AI Lab,Nanjing University,The University of Hong Kong,Tsinghua University,SenseTime,University of Science and Technology of China (USTC)",China
2024-01-12,23.49,20000000000.0,Language & Audio,"Shanghai AI Lab,SenseTime,Chinese University of Hong Kong (CUHK),Fudan University",China
2024-01-11,22.53,16000000000.0,Language & Audio,DeepSeek,China
2024-01-09,22.32,2796431360.0,Language & Audio,Stability AI,Europe
2024-01-08,19.2,16800000.0,Science & Engineering,"University of Oxford,Massachusetts Institute of Technology (MIT),Microsoft Research AI for Science",Europe
2024-01-05,23.91,67000000000.0,Language & Audio,DeepSeek,China
2024-01-05,21.59,1300000000.0,Language & Audio,DeepSeek,China
2024-01-05,22.92,7000000000.0,Language & Audio,DeepSeek,China
2024-01-03,23.2,13000000000.0,Science & Engineering,"University of California Santa Barbara (UCSB),University of Lincoln,Chinese Academy of Agricultural Sciences,Swedish University of Agricultural Sciences",United States
2023-12-23,22.54,11000000000.0,Language & Audio,Google Research,United States
2023-12-22,23.68,30000000000.0,Language & Audio,Yayi (Wenge),China
2023-12-14,22.83,18000000000.0,Multimodal,"Tsinghua University,Z.ai (Zhipu AI)",China
2023-12-14,23.59,15000000000.0,Multimodal,Google DeepMind,United States
2023-12-12,22.36,2700000000.0,Language & Audio,Microsoft,United States
2023-12-12,21.36,13350839296.0,Multimodal,"NVIDIA,Massachusetts Institute of Technology (MIT)",United States
2023-12-11,23.89,46700000000.0,Language & Audio,Mistral AI,Europe
2023-12-11,20.3,11900000000.0,Vision & Media,Sber,Europe
2023-12-08,24.1,65000000000.0,Language & Audio,"XVERSE Technology,Shenzhen Yuanxiang Technology",China
2023-12-07,23.2,7000000000.0,Language & Audio,Meta AI,United States
2023-12-01,21.73,2800000000.0,Language & Audio,"Carnegie Mellon University (CMU),Princeton University",United States
2023-11-30,24.11,72000000000.0,Language & Audio,Alibaba,China
2023-11-30,23.39,13000000000.0,Language & Audio,IBM,United States
2023-11-27,23.25,102600000000.0,Language & Audio,Inspur,China
2023-11-27,19.9,7000000000.0,Language & Audio,"Together,Nous Research",United States
2023-11-21,22.66,13000000000.0,Language & Audio,Microsoft Research,United States
2023-11-15,23.26,8000000000.0,Language & Audio,NVIDIA,United States
2023-11-13,22.48,19900000000.0,Multimodal,"Shanghai AI Lab,Chinese University of Hong Kong (CUHK),ShanghaiTech University",China
2023-11-08,21.36,100000000.0,Science & Engineering,"IBM,NASA",United States
2023-11-08,19.29,1000000000.0,Language & Audio,"Shanghai AI Lab,Massachusetts Institute of Technology (MIT)",China
2023-11-08,23.02,30000000000.0,Language & Audio,"Cerebras Systems,Mohamed bin Zayed University of Artificial Intelligence (MBZUAI),Inception G42,G42",United States
2023-11-08,18.33,110000000.0,Language & Audio,Zhuiyi Technology,China
2023-11-06,23.43,1550000000.0,Language & Audio,OpenAI,United States
2023-11-06,22.8,17000000000.0,Multimodal,"Tsinghua University,Z.ai (Zhipu AI),Beihang University",China
2023-11-05,22.89,13000000000.0,Multimodal,"University of Wisconsin Madison,Microsoft Research",United States
2023-11-04,24.46,314000000000.0,Language & Audio,xAI,United States
2023-11-02,23.79,34000000000.0,Language & Audio,01.AI,China
2023-11-02,23.62,70000000000.0,Language & Audio,vivo AI lab,China
2023-11-02,23.89,130000000000.0,Language & Audio,vivo AI lab,China
2023-11-02,24.02,175000000000.0,Language & Audio,vivo AI lab,China
2023-11-02,23.1,6000000000.0,Language & Audio,01.AI,China
2023-11-01,23.38,16000000000.0,Language & Audio,Nanbeige LLM Lab,China
2023-11-01,20.28,13000000000.0,Language & Audio,"Nous Research,EleutherAI,University of Geneva",United States
2023-11-01,21.01,70000000000.0,Language & Audio,"Nous Research,EleutherAI,University of Geneva",United States
2023-10-31,23.04,7000000000.0,Language & Audio,vivo AI lab,China
2023-10-30,23.4,13000000000.0,Language & Audio,Kunlun Inc.,China
2023-10-30,20.07,500000000.0,Language & Audio,"Peking University,Microsoft Research Asia",China
2023-10-27,22.7,6000000000.0,Multimodal,Z.ai (Zhipu AI),China
2023-10-26,18.9,75000000.0,Language & Audio,"Microsoft,Microsoft Research",United States
2023-10-20,22.0,86000000.0,Vision & Media,"ETH Zurich,DeepMind,Google,Technical University of Munich",Europe
2023-10-16,23.73,34000000000.0,Multimodal,"Princeton University,University of Toronto,Vector Institute,University of Cambridge,Carnegie Mellon University (CMU),University of Washington,EleutherAI",United States
2023-10-16,23.07,7000000000.0,Multimodal,"Princeton University,EleutherAI,University of Toronto,Vector Institute,University of Cambridge,Carnegie Mellon University (CMU),University of Washington",United States
2023-10-12,23.22,13900000000.0,Language & Audio,China Mobile,China
2023-10-10,23.49,13000000000.0,Language & Audio,Ant Group,China
2023-10-07,23.2,13000000000.0,Language & Audio,"University of California Los Angeles (UCLA),Columbia University,New York University (NYU)",United States
2023-10-02,22.44,7000000000.0,Multimodal,Zhejiang University (ZJU),China
2023-10-02,20.52,1300000000.0,Language & Audio,Microsoft Research,United States
2023-09-30,21.19,600000000.0,Vision & Media,"Huawei Noah's Ark Lab,The University of Hong Kong,Hong Kong University of Science and Technology (HKUST)",China
2023-09-29,22.79,2795443200.0,Language & Audio,Stability AI,Europe
2023-09-29,21.92,1000000000.0,Vision & Media,"Technische Hochschule Ingolstadt,University of Montreal / Université de Montréal,Mila - Quebec AI (originally Montreal Institute for Learning Algorithms),Polytechnique Montreal,Wand Technologies",Europe
2023-09-29,22.07,9000000000.0,Multimodal,Wayve,Europe
2023-09-28,23.4,14000000000.0,Language & Audio,Alibaba,China
2023-09-28,24.68,200000000000.0,Multimodal,Amazon,United States
2023-09-28,23.0,7000000000.0,Language & Audio,Alibaba,China
2023-09-26,21.72,7000000000.0,Multimodal,Shanghai AI Lab,China
2023-09-20,21.99,2600000000.0,Language & Audio,Cerebras Systems,United States
2023-09-20,20.88,7000000000.0,Multimodal,"Xi’an Jiaotong University,Megvii Inc,Tsinghua University,Huazhong University of Science and Technology",China
2023-09-20,23.04,7000000000.0,Language & Audio,Baichuan,China
2023-09-20,22.89,13000000000.0,Language & Audio,"Tsinghua University,Shanghai AI Lab,01.AI",China
2023-09-11,21.07,1300000000.0,Language & Audio,Microsoft,United States
2023-09-09,22.21,10700000000.0,Language & Audio,"Google DeepMind,Google Research",United States
2023-09-07,22.61,9300000000.0,Language & Audio,Adept,United States
2023-09-07,22.76,101000000000.0,Language & Audio,"Chinese Academy of Sciences,Harbin Institute of Technology,Nanyang Technological University,Beijing Academy of Artificial Intelligence / BAAI",China
2023-09-07,22.9,6700000000.0,Language & Audio,Salesforce,United States
2023-09-07,24.08,100000000000.0,Multimodal,Tencent,China
2023-09-06,23.31,13000000000.0,Language & Audio,Baichuan,China
2023-09-06,24.01,70000000000.0,Language & Audio,Tigerobo,China
2023-08-30,16.73,56804.0,Robotics & Games,Intel Labs,United States
2023-08-29,22.69,13000000000.0,Language & Audio,"Cerebras Systems,Mohamed bin Zayed University of Artificial Intelligence (MBZUAI),Inception G42",United States
2023-08-29,22.06,1600000000.0,Language & Audio,Refact AI,Europe
2023-08-29,24.08,100000000000.0,Other,Mianbi Intelligence,China
2023-08-23,21.76,6700000000.0,Language & Audio,Hungarian Research Centre for Linguistics,Europe
2023-08-23,19.41,2700000.0,Science & Engineering,Ohio State University,United States
2023-08-22,23.06,80000000000.0,Multimodal,Hugging Face,United States
2023-08-14,23.72,34000000000.0,Language & Audio,Meta AI,United States
2023-08-14,23.04,7000000000.0,Language & Audio,Meta AI,United States
2023-08-10,22.5,7000000000.0,Language & Audio,Stability AI,Europe
2023-08-09,23.92,53000000000.0,Language & Audio,Baichuan,China
2023-08-06,19.36,14800000.0,Science & Engineering,"Nostrum Biodiscovery,Barcelona Supercomputing Center,Institucio Catalana de Recerca i Estudis Avancçats",Europe
2023-08-05,22.65,6890209280.0,Language & Audio,Stability AI,Europe
2023-07-26,18.59,1500000000.0,Language & Audio,Google Research,United States
2023-07-23,20.15,6900000.0,Science & Engineering,"ByteDance,University of Wisconsin Madison",China
2023-07-18,23.91,70000000000.0,Language & Audio,Meta AI,United States
2023-07-18,23.61,34000000000.0,Language & Audio,Meta AI,United States
2023-07-18,22.92,7000000000.0,Language & Audio,Meta AI,United States
2023-07-18,23.2,13000000000.0,Language & Audio,Meta AI,United States
2023-07-17,21.6,6700000000.0,Language & Audio,"Microsoft Research,Tsinghua University",United States
2023-07-11,21.43,14000000000.0,Multimodal,"Beijing Academy of Artificial Intelligence / BAAI,Tsinghua University,Peking University",China
2023-07-11,22.97,13264901120.0,Language & Audio,Baichuan,China
2023-07-06,24.0,104000000000.0,Language & Audio,"Shanghai AI Lab,SenseTime",China
2023-07-06,22.77,7000000000.0,Language & Audio,Salesforce,United States
2023-07-06,23.79,100000000000.0,Science & Engineering,"Tsinghua University,BioMap Research",China
2023-07-05,22.6,256000000.0,Science & Engineering,Huawei,China
2023-07-05,21.69,2700000000.0,Language & Audio,"Microsoft,Xi’an Jiaotong University",United States
2023-06-30,18.53,560000000.0,Language & Audio,Microsoft,United States
2023-06-27,21.26,6600000.0,Science & Engineering,"Stanford University,Harvard University,Mila - Quebec AI (originally Montreal Institute for Learning Algorithms),University of Montreal / Université de Montréal",United States
2023-06-26,20.66,1600000000.0,Multimodal,Microsoft,United States
2023-06-22,23.28,30000000000.0,Language & Audio,MosaicML,United States
2023-06-15,20.24,1300000000.0,Vision & Media,"Google Research,University of Cambridge",United States
2023-06-14,23.05,15500000000.0,Language & Audio,Microsoft,United States
2023-06-06,22.61,6900000000.0,Language & Audio,Together,United States
2023-06-06,11.87,9888.0,Vision & Media,"University of California (UC) Berkeley,Toyota Technological Institute at Chicago",United States
2023-06-05,14.21,8400000.0,Science & Engineering,"Technical University of Denmark,University of Copenhagen",Europe
2023-06-04,22.11,12898631680.0,Language & Audio,EleutherAI,United States
2023-06-01,22.7,7000559616.0,Language & Audio,Baichuan,China
2023-05-31,20.22,92000000.0,Language & Audio,Pinterest,United States
2023-05-29,23.75,55000000000.0,Multimodal,Google Research,United States
2023-05-23,23.74,65000000000.0,Language & Audio,University of Washington,United States
2023-05-18,20.26,4000000000.0,Multimodal,"Alibaba,Huazhong University of Science and Technology",China
2023-05-18,23.74,65000000000.0,Language & Audio,"Meta AI,Carnegie Mellon University (CMU),University of Southern California,Tel Aviv University",United States
2023-05-16,22.4,10000000000.0,Language & Audio,WeChat AI,China
2023-05-11,20.29,13000000000.0,Multimodal,"Salesforce Research,Hong Kong University of Science and Technology (HKUST),Nanyang Technological University",United States
2023-05-10,24.87,340000000000.0,Language & Audio,Google,United States
2023-05-09,22.93,15500000000.0,Language & Audio,"Hugging Face,ServiceNow,Northeastern University,Mila - Quebec AI (originally Montreal Institute for Learning Algorithms),Carnegie Mellon University (CMU),Johns Hopkins University,Leipzig University,ScaDS.AI,Queen Mary University of London,Roblox,Sea AI Lab,Technion - Israel Institute of Technology,Monash University,CSIRO,Data61,McGill University,Saama,University of British Columbia (UBC),Massachusetts Institute of Technology (MIT),Technical University of Munich,IBM,University of Vermont,UnfoldML,SAP,University of Notre Dame,Columbia University,New York University (NYU),University of Allahabad,Discover Dollar,Toloka,Telefonica,Stanford University,Weizmann Institute of Science,Alan Turing Institute,Wellesley College,EleutherAI,Forschungszentrum Julich",United States
2023-05-05,22.62,7000000000.0,Language & Audio,MosaicML,United States
2023-05-01,22.89,13000000000.0,Language & Audio,OpenLM Research,United States
2023-04-28,22.03,1289952427.0,Vision & Media,Databricks,United States
2023-04-24,22.6,6700000000.0,Language & Audio,"Microsoft,Peking University",United States
2023-04-24,23.03,13000000000.0,Language & Audio,Sber,Europe
2023-04-19,22.82,16000000000.0,Language & Audio,Fudan University,China
2023-04-17,22.89,13000000000.0,Multimodal,"University of Wisconsin Madison,Microsoft Research,Columbia University",United States
2023-04-14,21.87,1140000000.0,Vision & Media,"Facebook AI Research,INRIA",United States
2023-04-09,21.48,6700000000.0,Language & Audio,"Facebook AI Research,University of Washington,University of California (UC) Berkeley,Carnegie Mellon University (CMU),Toyota Technological Institute at Chicago",United States
2023-04-08,20.35,1000000000.0,Science & Engineering,Harvard University,United States
2023-04-08,16.55,1620000.0,Science & Engineering,"Technical University of Munich,Massachusetts Institute of Technology (MIT)",Europe
2023-04-06,22.36,13000000000.0,Language & Audio,Cerebras Systems,United States
2023-04-05,21.89,636000000.0,Vision & Media,Meta AI,United States
2023-04-03,22.33,12000000000.0,Language & Audio,"EleutherAI,Booz Allen Hamilton, McLean,University of Cambridge,Indraprastha Institute of Information Technology
Delhi,Stability AI,datasaur.ai,University of Amsterdam",United States
2023-04-03,21.7,2800000000.0,Language & Audio,"EleutherAI,Booz Allen Hamilton, McLean,University of Cambridge,Indraprastha Institute of Information Technology
Delhi,Stability AI,datasaur.ai,University of Amsterdam",United States
2023-04-03,22.09,6900000000.0,Language & Audio,"EleutherAI,Booz Allen Hamilton, McLean,University of Cambridge,Indraprastha Institute of Information Technology
Delhi,Stability AI,datasaur.ai,University of Amsterdam",United States
2023-04-03,20.46,160000000.0,Language & Audio,"EleutherAI,Booz Allen Hamilton, McLean,University of Cambridge,Indraprastha Institute of Information Technology
Delhi,Stability AI,datasaur.ai,University of Amsterdam",United States
2023-04-03,21.26,1000000000.0,Language & Audio,"EleutherAI,Booz Allen Hamilton, McLean,University of Cambridge,Indraprastha Institute of Information Technology
Delhi,Stability AI,datasaur.ai,University of Amsterdam",United States
2023-04-03,21.4,1400000000.0,Language & Audio,"EleutherAI,Booz Allen Hamilton, McLean,University of Cambridge,Indraprastha Institute of Information Technology
Delhi,Stability AI,datasaur.ai,University of Amsterdam",United States
2023-04-03,20.1,70000000.0,Language & Audio,"EleutherAI,Booz Allen Hamilton, McLean,University of Cambridge,Indraprastha Institute of Information Technology
Delhi,Stability AI,datasaur.ai,University of Amsterdam",United States
2023-04-03,20.87,410000000.0,Language & Audio,"EleutherAI,Booz Allen Hamilton, McLean,University of Cambridge,Indraprastha Institute of Information Technology
Delhi,Stability AI,datasaur.ai,University of Amsterdam",United States
2023-03-30,23.37,50558868480.0,Language & Audio,"Bloomberg,Johns Hopkins University",United States
2023-03-29,21.99,1000000000.0,Vision & Media,"Nanjing University,Shenzhen Institute of Advanced Technology,Shanghai AI Lab",China
2023-03-28,22.67,24000000000.0,Vision & Media,"Baidu,Wuhan University of Science and Technology",China
2023-03-27,21.69,400000000.0,Vision & Media,Google DeepMind,United States
2023-03-27,22.54,5000000000.0,Vision & Media,"Beijing Academy of Artificial Intelligence / BAAI,Huazhong University of Science and Technology",China
2023-03-24,22.78,10000000000.0,Language & Audio,"Tsinghua University,Beijing Academy of Artificial Intelligence / BAAI,ModelBest,OpenBMB (Open Lab for Big Model Base)",China
2023-03-21,18.27,1300000000.0,Language & Audio,Cerebras Systems,United States
2023-03-21,23.38,40000000000.0,Language & Audio,LightOn,Europe
2023-03-20,23.67,1085000000000.0,Language & Audio,Huawei Noah's Ark Lab,China
2023-03-15,25.32,1800000000000.0,Multimodal,OpenAI,United States
2023-03-15,25.32,1800000000000.0,Multimodal,OpenAI,United States
2023-03-07,21.08,700000000.0,Language & Audio,Microsoft,United States
2023-03-05,21.98,1000000000.0,Language & Audio,"Meta AI,Hebrew University of Jerusalem",United States
2023-03-02,20.78,675000000.0,Vision & Media,"New York University (NYU),University of California (UC) Berkeley",United States
2023-03-01,22.98,20000000000.0,Language & Audio,Writer,United States
2023-03-01,22.89,40000000000.0,Language & Audio,AI Sweden,Europe
2023-03-01,21.54,1600000000.0,Multimodal,Microsoft,United States
2023-02-27,22.89,13000000000.0,Language & Audio,Meta AI,United States
2023-02-27,23.44,32500000000.0,Language & Audio,Meta AI,United States
2023-02-24,23.74,65200000000.0,Language & Audio,Meta AI,United States
2023-02-24,22.6,6700000000.0,Language & Audio,Meta AI,United States
2023-02-21,19.68,1300000000.0,Language & Audio,"Stanford University,University of Montreal / Université de Montréal,Mila - Quebec AI (originally Montreal Institute for Learning Algorithms)",United States
2023-02-21,19.59,355000000.0,Language & Audio,"Stanford University,University of Montreal / Université de Montréal,Mila - Quebec AI (originally Montreal Institute for Learning Algorithms)",United States
2023-02-21,19.27,153000000.0,Language & Audio,"Stanford University,University of Montreal / Université de Montréal,Mila - Quebec AI (originally Montreal Institute for Learning Algorithms)",United States
2023-02-10,23.29,21743000000.0,Vision & Media,Google,United States
2023-01-30,21.08,1480000000.0,Multimodal,Salesforce Research,United States
2023-01-29,21.26,4100000.0,Science & Engineering,Columbia University,United States
2023-01-27,20.54,295000000.0,Vision & Media,Utrecht University,Europe
2023-01-18,21.45,533000000.0,Robotics & Games,DeepMind,Europe
2023-01-16,21.81,1900000000.0,Science & Engineering,"Technical University of Munich,Columbia University",Europe
2023-01-16,21.41,740000000.0,Science & Engineering,"Technical University of Munich,Columbia University",Europe
2023-01-15,21.91,2500000000.0,Science & Engineering,"NVIDIA,Technical University of Munich,InstaDeep",United States
2023-01-10,20.34,200000000.0,Robotics & Games,"DeepMind,University of Toronto",Europe
2023-01-09,21.32,1100000000.0,Language & Audio,"Hugging Face,ServiceNow,Massachusetts Institute of Technology (MIT),Wellesley College,Saama,EleutherAI,Huawei Noah's Ark Lab,Carnegie Mellon University (CMU)",United States
2023-01-05,19.0,353000000.0,Multimodal,Microsoft,United States
2023-01-02,23.2,87500000000.0,Language & Audio,"Institute of Science and Technology Austria (ISTA),Neural Magic",Europe
2022-12-28,21.81,2700000000.0,Language & Audio,"Stanford University,University at Buffalo",United States
2022-12-22,23.63,175000000000.0,Language & Audio,Meta AI,United States
2022-12-19,19.46,86000000.0,Science & Engineering,University of Oxford,Europe
2022-12-05,23.04,1550000000.0,Language & Audio,OpenAI,United States
2022-12-04,22.89,6000000000.0,Language & Audio,"Wuhan University,JD Explore Academy,Shanghai AI Lab,Nanyang Technological University,Washington University in St Louis,Chongqing University of Posts and Telecommunications,University of Sydney",China
2022-12-01,18.89,185200000.0,Language & Audio,Nanjing University,China
2022-12-01,21.7,738000000.0,Science & Engineering,"Basecamp Research,Friedrich-Alexander-Universität,University of Girona",Europe
2022-11-20,20.71,1500000000.0,Vision & Media,"Alibaba,University of Waterloo,Vector Institute",China
2022-11-16,23.51,120000000000.0,Multimodal,Meta AI,United States
2022-11-14,22.18,1011000000.0,Vision & Media,"Beijing Academy of Artificial Intelligence / BAAI,Huazhong University of Science and Technology,Zhejiang University (ZJU),Beijing Institute of Technology",China
2022-11-10,21.38,1080000000.0,Vision & Media,"Shanghai AI Lab,Tsinghua University,Nanjing University,SenseTime,Chinese University of Hong Kong (CUHK)",China
2022-11-03,17.15,35000000.0,Language & Audio,DeepMind,Europe
2022-11-03,16.85,24000000.0,Language & Audio,DeepMind,Europe
2022-11-02,19.74,9100000000.0,Vision & Media,NVIDIA,United States
2022-10-31,22.71,1000000000.0,Vision & Media,IDEA CCNL,China
2022-10-26,21.86,2000000000.0,Language & Audio,Microsoft,United States
2022-10-24,17.99,107700000.0,Language & Audio,"Johns Hopkins University,New York University (NYU)",United States
2022-10-20,24.4,540000000000.0,Language & Audio,Google,United States
2022-10-20,24.4,540000000000.0,Language & Audio,Google,United States
2022-10-20,22.52,11000000000.0,Language & Audio,Google,United States
2022-10-12,20.9,31000000.0,Language & Audio,"Huawei,Huawei Noah's Ark Lab",China
2022-10-11,21.15,25000000000.0,Science & Engineering,"University of Chicago,NVIDIA,Harvard University,Cerebras Systems,Technical University of Munich,California Institute of Technology",United States
2022-10-04,19.86,20240000.0,Science & Engineering,Massachusetts Institute of Technology (MIT),United States
2022-10-03,20.08,124000000.0,Language & Audio,New York University (NYU),United States
2022-09-22,22.3,10000000000.0,Language & Audio,"Tsinghua University,Beijing Academy of Artificial Intelligence / BAAI,ModelBest,OpenBMB (Open Lab for Big Model Base)",China
2022-09-21,21.62,1550000000.0,Language & Audio,OpenAI,United States
2022-09-15,22.89,986000000.0,Vision & Media,LAION,Europe
2022-09-14,23.23,16900000000.0,Multimodal,Google,United States
2022-08-22,19.85,1900000000.0,Multimodal,Microsoft,United States
2022-08-15,23.55,70000000000.0,Language & Audio,Aleph Alpha,Europe
2022-08-15,23.0,30000000000.0,Language & Audio,Aleph Alpha,Europe
2022-08-15,22.5,13000000000.0,Language & Audio,Aleph Alpha,Europe
2022-08-13,20.0,40000000.0,Science & Engineering,"University of Montpellier,BionomeeX",Europe
2022-08-08,18.36,27000000.0,Language & Audio,"Zhejiang University (ZJU),Microsoft Research Asia",China
2022-08-04,23.55,130000000000.0,Language & Audio,Tsinghua University,China
2022-08-02,23.31,19750000000.0,Language & Audio,Amazon,United States
2022-07-27,21.61,738000000.0,Science & Engineering,University of Bayreuth,Europe
2022-07-22,22.01,670000000.0,Science & Engineering,"Massachusetts Institute of Technology (MIT),Westlake University",United States
2022-07-21,22.87,15000000000.0,Science & Engineering,"Meta AI,New York University (NYU),Stanford University,Massachusetts Institute of Technology (MIT)",United States
2022-07-21,22.48,3000000000.0,Science & Engineering,"Meta AI,New York University (NYU),Stanford University,Massachusetts Institute of Technology (MIT)",United States
2022-07-21,21.88,650000000.0,Science & Engineering,"Meta AI,New York University (NYU),Stanford University,Massachusetts Institute of Technology (MIT)",United States
2022-07-21,21.04,150000000.0,Science & Engineering,"Meta AI,New York University (NYU),Stanford University,Massachusetts Institute of Technology (MIT)",United States
2022-07-21,20.32,35000000.0,Science & Engineering,"Meta AI,New York University (NYU),Stanford University,Massachusetts Institute of Technology (MIT)",United States
2022-07-21,19.68,8000000.0,Science & Engineering,"Meta AI,New York University (NYU),Stanford University,Massachusetts Institute of Technology (MIT)",United States
2022-07-14,18.83,247000000.00000003,Language & Audio,"Moscow Institute of Physics and Technology,AIRI Artificial Intelligence Research Institute",Europe
2022-07-14,20.94,1200000000.0,Science & Engineering,"LightOn,Harvard University,University of Oxford",Europe
2022-07-11,23.56,176247271424.0,Language & Audio,"Hugging Face,BigScience",United States
2022-07-06,22.24,54500000000.0,Language & Audio,Meta AI,United States
2022-07-05,22.18,7070000000.0,Language & Audio,"Hugging Face,BigScience",United States
2022-07-05,21.43,770000000.0,Language & Audio,Salesforce,United States
2022-06-29,24.44,540350000000.0,Language & Audio,Google,United States
2022-06-27,22.13,6400000000.0,Science & Engineering,"Salesforce Research,Columbia University,Johns Hopkins University",United States
2022-06-27,21.04,764000000.0,Science & Engineering,"Salesforce Research,Columbia University,Johns Hopkins University",United States
2022-06-25,21.22,3500000000.0,Language & Audio,"AI Sweden,RISE",Europe
2022-06-23,23.34,100000000000.0,Language & Audio,Yandex,Europe
2022-06-22,23.71,20000000000.0,Vision & Media,Google Research,United States
2022-06-22,22.82,13000000000.0,Language & Audio,"Z.ai (Zhipu AI),Tsinghua University",China
2022-06-21,22.08,6700000000.0,Language & Audio,Meta AI,United States
2022-06-21,23.04,66000000000.0,Language & Audio,Meta AI,United States
2022-06-21,22.73,30000000000.0,Language & Audio,Meta AI,United States
2022-06-17,21.54,2925000000.0,Multimodal,"Allen Institute for AI,University of Washington",United States
2022-06-14,22.86,2100000000.0,Vision & Media,Google Research,United States
2022-06-13,18.35,74000000.0,Language & Audio,"Ruhr University Bochum,Technische Universität Dresden,University of London",Europe
2022-06-09,23.75,137000000000.0,Language & Audio,Google,United States
2022-06-06,22.26,5600000000.0,Multimodal,Google,United States
2022-06-06,18.52,750000000.0,Language & Audio,"Tsinghua University,Apple,Westlake University,Chinese University of Hong Kong (CUHK)",China
2022-05-27,21.86,700000000.0,Science & Engineering,"University of Oxford,Harvard Medical School,Cohere",Europe
2022-05-27,20.95,355000000.0,Language & Audio,"Stanford University,University at Buffalo",United States
2022-05-25,19.49,247000000.00000003,Language & Audio,Princeton University,United States
2022-05-25,17.31,7000000.0,Language & Audio,Princeton University,United States
2022-05-25,18.81,150000000.0,Language & Audio,Princeton University,United States
2022-05-23,22.16,7762000000.0,Vision & Media,Google Brain,United States
2022-05-12,21.6,1180000000.0,Multimodal,DeepMind,Europe
2022-05-10,23.08,20000000000.0,Language & Audio,"Google Research,Google Brain",United States
2022-05-02,23.63,175000000000.0,Language & Audio,Meta AI,United States
2022-05-02,23.55,13000000000.0,Other,Meta AI,United States
2022-04-29,23.34,80000000000.0,Multimodal,DeepMind,Europe
2022-04-28,22.36,6000000000.0,Vision & Media,"Tsinghua University,Beijing Academy of Artificial Intelligence / BAAI",China
2022-04-14,20.73,9410000000.0,Language & Audio,Meta AI,United States
2022-04-13,22.7,1450000000.0,Vision & Media,"Runway,Ludwig Maximilian University of Munich,Heidelberg University",United States
2022-04-06,23.53,3500000000.0,Vision & Media,OpenAI,United States
2022-04-04,24.4,540350000000.0,Language & Audio,Google Research,United States
2022-04-01,20.64,165000000.0,Language & Audio,"Stanford University,University at Buffalo,University of Michigan",United States
2022-04-01,19.95,72000000.0,Language & Audio,"Stanford University,University at Buffalo,University of Michigan",United States
2022-03-29,23.76,70000000000.0,Language & Audio,DeepMind,Europe
2022-03-24,21.81,4000000000.0,Vision & Media,Meta AI,United States
2022-03-23,18.86,357000000.0,Language & Audio,"Meta AI,Chinese University of Hong Kong (CUHK)",United States
2022-03-21,19.42,257000000.0,Language & Audio,"Microsoft Research,University of Waterloo",United States
2022-03-21,18.24,151000000.0,Language & Audio,"Microsoft Research,University of Waterloo",United States
2022-03-10,21.53,1843000000.0,Vision & Media,"University of Washington,Columbia University,Google,Meta AI,Tel Aviv University",United States
2022-03-07,22.11,6700000000.0,Language & Audio,"Microsoft,OpenAI",United States
2022-03-02,22.25,774000000.0,Multimodal,OpenAI,United States
2022-02-26,21.04,2700000000.0,Language & Audio,Carnegie Mellon University (CMU),United States
2022-02-17,23.46,269000000000.0,Language & Audio,"Google,Google Brain,Google Research",United States
2022-02-10,23.55,137000000000.0,Language & Audio,Google,United States
2022-02-09,22.97,20000000000.0,Language & Audio,EleutherAI,United States
2022-02-07,22.23,7500000000.0,Language & Audio,DeepMind,Europe
2022-02-02,23.38,41100000000.0,Language & Audio,DeepMind,Europe
2022-01-27,23.5,175000000000.0,Language & Audio,OpenAI,United States
2022-01-24,22.34,1900000000.0,Language & Audio,Google Brain,United States
2022-01-07,19.37,88000000.0,Vision & Media,"Meta AI,University of Texas at Austin",United States
2021-12-23,24.02,260000000000.0,Language & Audio,"Baidu,Peng Cheng Laboratory",China
2021-12-20,22.67,3500000000.0,Vision & Media,OpenAI,United States
2021-12-20,22.35,1100000000000.0,Language & Audio,Meta AI,United States
2021-12-20,22.51,13000000000.0,Language & Audio,Meta AI,United States
2021-12-20,22.35,7500000000.0,Language & Audio,"Meta AI,Facebook AI Research",United States
2021-12-16,21.36,345000000.0,Language & Audio,Toyota Technological Institute at Chicago,United States
2021-12-16,20.2,110000000.0,Language & Audio,"Meta AI,University College London (UCL),PSL University,Université Grenoble Alpes",United States
2021-12-13,23.56,1200000000000.0,Language & Audio,Google,United States
2021-12-08,23.8,280000000000.0,Language & Audio,DeepMind,Europe
2021-12-06,19.81,70000000.0,Language & Audio,Amazon,United States
2021-11-30,19.1,203000000.0,Language & Audio,"Stanford University,SambaNova Systems, Inc,Peking University,Adobe,University at Buffalo",United States
2021-11-30,18.62,68000000.0,Language & Audio,"Stanford University,SambaNova Systems, Inc,Peking University,Adobe,University at Buffalo",United States
2021-11-24,21.86,870000000.0,Multimodal,"Microsoft Research,Peking University",United States
2021-11-22,22.68,893000000.0,Vision & Media,Microsoft,United States
2021-11-19,22.61,3070000000.0,Vision & Media,Google,United States
2021-11-18,21.04,3000000000.0,Multimodal,Microsoft Research Asia,China
2021-11-18,20.03,418000000.0,Language & Audio,Microsoft Research,United States
2021-11-17,20.13,650000000.0,Science & Engineering,"Facebook AI Research,New York University (NYU),University of California (UC) Berkeley",United States
2021-11-11,20.66,632000000.0,Vision & Media,Facebook AI Research,United States
2021-11-04,20.07,132000000.0,Language & Audio,Aristotle University of Thessaloniki,Europe
2021-11-01,21.19,220000000.0,Language & Audio,"Salesforce,Nanyang Technological University",United States
2021-10-31,19.89,249000000.00000003,Language & Audio,Stanford University,United States
2021-10-21,21.58,250000000.0,Science & Engineering,"Microsoft Research Asia,Nanyang Technological University,Xi’an Jiaotong University,Sun Yat-sen University",China
2021-10-17,19.72,274000000.0,Language & Audio,"Shannon.AI,Nanjing University,Nanyang Technological University,Zhejiang University (ZJU)",China
2021-10-16,20.41,1500000000.0,Language & Audio,"LightOn,Laboratoire de Physique de l'Ecole Normale (LPENS),INRIA",Europe
2021-10-16,21.28,1540000000.0,Language & Audio,University of California San Diego,United States
2021-10-15,20.96,11000000000.0,Language & Audio,"Hugging Face,Brown University",United States
2021-10-15,20.9,83000000.0,Language & Audio,"Huawei Noah's Ark Lab,McGill University",China
2021-10-12,23.55,245730000000.0,Language & Audio,Inspur,China
2021-10-12,21.02,220000000.0,Language & Audio,"University of Southern California,Google",United States
2021-10-11,23.93,530000000000.0,Language & Audio,"Microsoft,NVIDIA",United States
2021-10-08,21.74,10000000000000.0,Multimodal,Alibaba,China
2021-09-28,22.46,2200000000.0,Language & Audio,Microsoft,United States
2021-09-20,22.0,11000000000.0,Language & Audio,Baidu,China
2021-09-15,21.04,3000000000000.0,Language & Audio,Facebook,United States
2021-09-14,20.86,45000000.0,Science & Engineering,NVIDIA,United States
2021-09-09,19.44,247000512.0,Language & Audio,"Carnegie Mellon University (CMU),University of California San Diego",United States
2021-09-06,18.44,149697024.0,Language & Audio,Peking University,China
2021-09-03,24.31,137000000000.0,Language & Audio,Google Research,United States
2021-09-01,22.08,124000000.0,Language & Audio,"Universidade de Lisboa (ULisboa),DeepMind",Europe
2021-08-27,20.91,1300000000.0,Language & Audio,"University of Washington,Facebook AI Research,Allen Institute for AI",United States
2021-08-17,22.53,10700000000.0,Language & Audio,Facebook AI Research,United States
2021-08-17,22.2,3000000000.0,Science & Engineering,"Tsinghua University,Beijing Academy of Artificial Intelligence / BAAI,Tencent",China
2021-08-15,20.03,110000000.0,Science & Engineering,Northeastern University,United States
2021-08-13,21.38,1500000000.0,Language & Audio,Microsoft,United States
2021-08-13,20.04,117000000.0,Language & Audio,Microsoft,United States
2021-08-11,20.9,3200000000.0,Multimodal,"Chinese Academy of Sciences,Wuhan AI Computing Center",China
2021-08-06,20.8,99100000.0,Vision & Media,Megvii Inc,China
2021-08-05,16.39,40000000.0,Language & Audio,"University of California Los Angeles (UCLA),University of Utah",United States
2021-07-29,22.26,1300000000.0,Vision & Media,"Facebook AI Research,INRIA",United States
2021-07-27,22.38,3472816.0,Robotics & Games,DeepMind,Europe
2021-07-27,21.74,1000000000.0,Language & Audio,Facebook AI Research,United States
2021-07-07,22.87,12000000000.0,Language & Audio,OpenAI,United States
2021-07-05,22.35,10000000000.0,Language & Audio,Baidu,China
2021-07-01,17.87,1900000.0,Science & Engineering,Technical University of Munich,Europe
2021-06-28,19.46,98000000.0,Language & Audio,"Carnegie Mellon University (CMU),Intel Labs",United States
2021-06-28,19.93,247000000.00000003,Language & Audio,"Microsoft Research Asia,Soochow University",China
2021-06-24,22.56,11000000000.0,Language & Audio,"Tsinghua University,Beijing Academy of Artificial Intelligence / BAAI",China
2021-06-24,17.15,12427904.0,Science & Engineering,"IBM,Texas A&M",United States
2021-06-23,19.98,208000000.0,Vision & Media,"Google,Google Brain",United States
2021-06-21,21.23,2230000.0,Vision & Media,"NVIDIA,Aalto University",United States
2021-06-21,21.39,1580000.0,Vision & Media,"NVIDIA,Aalto University",United States
2021-06-11,22.41,820000000.0,Multimodal,Google Research,United States
2021-06-11,19.89,256000000.0,Vision & Media,University of California (UC) Berkeley,United States
2021-06-11,18.04,44600000.0,Language & Audio,"IDSIA,SUPSI,King Abdullah University of Science and Technology (KAUST)",Europe
2021-06-10,22.41,1500000000.0,Language & Audio,Microsoft,United States
2021-06-09,22.63,2440000000.0,Vision & Media,"Google,Google Research,Google Brain",United States
2021-06-08,22.77,1843000000.0,Vision & Media,"Google Brain,Google Research",United States
2021-06-04,14.35,2040000.0,Language & Audio,University of Sheffield,Europe
2021-06-04,15.81,13600000.0,Language & Audio,University of Sheffield,Europe
2021-06-02,21.69,760000000.0,Language & Audio,OpenAI,United States
2021-05-31,24.19,1750000000000.0,Multimodal,Beijing Academy of Artificial Intelligence / BAAI,China
2021-05-28,22.91,12900000000.0,Language & Audio,"Google,Google Research",United States
2021-05-26,19.38,90100000.0,Vision & Media,"Google Cloud,Google Research",United States
2021-05-26,22.43,4000000000.0,Vision & Media,"Tsinghua University,Alibaba DAMO Academy",China
2021-05-25,20.45,340000000.0,Language & Audio,"Meituan University,Beijing University of Posts and Telecommunications",China
2021-05-20,18.98,17000000.0,Science & Engineering,"Peng Cheng Laboratory,University of Texas at Houston",China
2021-05-11,21.79,559000000.0,Vision & Media,OpenAI,United States
2021-05-04,22.87,11000000000.0,Science & Engineering,"Technical University of Munich,Med AI Technology,NVIDIA,Oak Ridge National Laboratory,Google,Seoul National University",Europe
2021-05-04,22.57,11000000000.0,Science & Engineering,"Technical University of Munich,Med AI Technology,NVIDIA,Oak Ridge National Laboratory,Google,Seoul National University",Europe
2021-05-04,22.59,420000000.0,Science & Engineering,"Technical University of Munich,NVIDIA,Seoul National University,Google,Oak Ridge National Laboratory,Med AI Technology",Europe
2021-05-04,21.86,420000000.0,Science & Engineering,"Technical University of Munich,NVIDIA,Seoul National University,Google,Oak Ridge National Laboratory,Med AI Technology",Europe
2021-05-04,22.27,3000000000.0,Science & Engineering,"Technical University of Munich,Med AI Technology,NVIDIA,Oak Ridge National Laboratory,Google,Seoul National University",Europe
2021-05-03,20.58,246000000.0,Language & Audio,INRIA,Europe
2021-05-01,22.18,6053381344.0,Language & Audio,"EleutherAI,LAION",United States
2021-04-29,20.32,85000000.0,Vision & Media,"INRIA,Facebook AI Research",Europe
2021-04-25,22.71,207000000000.0,Language & Audio,Huawei Noah's Ark Lab,China
2021-04-20,19.48,247000000.0,Language & Audio,Meta AI,United States
2021-04-19,22.56,27000000000.0,Language & Audio,Alibaba,China
2021-04-08,18.28,148000000.0,Language & Audio,University of Massachusetts Amherst,United States
2021-03-24,19.44,450000000.0,Language & Audio,"University of Washington,Microsoft,DeepMind,Allen Institute for AI",United States
2021-03-24,19.13,668893184.0,Language & Audio,"University of Washington,Microsoft,DeepMind",United States
2021-03-24,19.14,668893184.0,Language & Audio,"University of Washington,Microsoft,DeepMind",United States
2021-03-21,21.9,2700000000.0,Language & Audio,EleutherAI,United States
2021-03-18,21.69,10000000000.0,Language & Audio,"Tsinghua University,Beijing Academy of Artificial Intelligence / BAAI,Massachusetts Institute of Technology (MIT),Shanghai Qi Zhi institute",China
2021-03-16,21.26,125000000.0,Vision & Media,OpenAI,United States
2021-03-13,22.25,192000000.0,Vision & Media,"Google Brain,University of California (UC) Berkeley",United States
2021-03-05,21.74,1002700000000.0,Multimodal,Alibaba,China
2021-03-05,22.16,9431810048.0,Language & Audio,Facebook AI Research,United States
2021-03-05,21.65,736000000.0,Vision & Media,DeepMind,Europe
2021-03-04,18.63,60000000.0,Science & Engineering,"Vilnius University,Chalmers University of Technology",Europe
2021-03-03,18.85,242000000.0,Language & Audio,"University of Washington,DeepMind,Allen Institute for AI,Hebrew University of Jerusalem,The University of Hong Kong",United States
2021-03-01,20.06,11300000000.0,Multimodal,Beijing Academy of Artificial Intelligence / BAAI,China
2021-03-01,21.86,1000000000.0,Multimodal,Beijing Academy of Artificial Intelligence / BAAI,China
2021-03-01,22.68,480000000.0,Vision & Media,"Google Brain,Google AI",United States
2021-02-24,19.33,234000000.0,Language & Audio,ASAPP,United States
2021-02-24,19.41,148000000.0,Language & Audio,ASAPP,United States
2021-02-24,19.55,225000000.0,Language & Audio,ASAPP,United States
2021-02-22,18.59,90000000.0,Language & Audio,IDSIA,Europe
2021-02-22,18.24,40000000.0,Language & Audio,"IDSIA,SUPSI",Europe
2021-02-13,21.74,100000000.0,Science & Engineering,"Facebook AI Research,University of California (UC) Berkeley,New York University (NYU)",United States
2021-02-09,18.75,2676376.0,Science & Engineering,"University of Washington,Microsoft Research",United States
2021-01-22,16.07,25200000.0,Language & Audio,"Eindhoven University of Technology,University of Twente",Europe
2021-01-15,19.9,86000000.0,Vision & Media,"Meta AI,Sorbonne University",United States
2021-01-11,22.91,1571000000000.0,Language & Audio,Google,United States
2021-01-11,20.81,2600000000.0,Language & Audio,Beijing Academy of Artificial Intelligence / BAAI,China
2021-01-05,22.67,12000000000.0,Vision & Media,OpenAI,United States
2021-01-05,22.02,370000000.0,Multimodal,OpenAI,United States
2021-01-05,16.76,24000000.0,Language & Audio,Google Research,United States
2020-12-31,18.48,247000000.0,Language & Audio,"University of Washington,Facebook AI Research,Allen Institute for AI",United States
2020-12-31,19.48,247000000.00000003,Language & Audio,Baidu,China
2020-12-31,18.24,151000000.0,Language & Audio,Baidu,China
2020-12-25,17.73,45000000.0,Language & Audio,"Google,National Tsing Hua University",United States
2020-12-15,21.71,652400000.0,Science & Engineering,"Facebook AI Research,New York University (NYU)",United States
2020-12-01,20.42,2600000000.0,Language & Audio,"Tsinghua University,Beijing Academy of Artificial Intelligence / BAAI",China
2020-11-30,21.48,93000000.0,Science & Engineering,DeepMind,Europe
2020-11-23,21.22,125000000.0,Language & Audio,"Tsinghua University,Mila - Quebec AI (originally Montreal Institute for Learning Algorithms),HEC,CIFAR AI Research,Princeton University,University of Montreal / Université de Montréal",China
2020-11-16,17.85,37000000.0,Language & Audio,"IDSIA,Microsoft Research",Europe
2020-10-22,21.63,632000000.0,Vision & Media,"Google Brain,Google Research",United States
2020-10-22,21.59,317000000.0,Language & Audio,Facebook,United States
2020-10-21,21.35,335000000.0,Language & Audio,"deepset,Bayerische Staatsbibliothek Muenchen",Europe
2020-10-21,21.15,335000000.0,Language & Audio,"deepset,Bayerische Staatsbibliothek Muenchen",Europe
2020-10-20,21.88,1000000000.0,Language & Audio,"Google,Google Research,Google Brain",United States
2020-10-20,22.91,13000000000.0,Language & Audio,"Google,Google Research",United States
2020-10-16,18.6,67000000.0,Language & Audio,"Huazhong University of Science and Technology,Huawei Noah's Ark Lab,Huawei",China
2020-10-14,19.08,76200000.0,Language & Audio,"UC Davis,Westlake University,Facebook AI",United States
2020-10-02,22.26,483000000.0,Language & Audio,"University of Washington,National Institute of Informatics",United States
2020-09-01,18.99,44000000.0,Science & Engineering,"University of Illinois Urbana-Champaign (UIUC),Reed College",United States
2020-08-31,20.64,669200000.0,Science & Engineering,"Facebook AI Research,New York University (NYU)",United States
2020-08-31,20.68,669200000.0,Science & Engineering,"Facebook AI Research,New York University (NYU)",United States
2020-08-31,20.15,669200000.0,Science & Engineering,"Facebook AI Research,New York University (NYU)",United States
2020-08-31,19.75,85100000.0,Science & Engineering,"Facebook AI Research,New York University (NYU)",United States
2020-08-31,19.45,42600000.0,Science & Engineering,"Facebook AI Research,New York University (NYU)",United States
2020-08-16,20.9,124000000.0,Language & Audio,"Toyota Technological Institute at Chicago,University of Chicago",United States
2020-08-06,20.3,340000000.0,Language & Audio,Baidu,China
2020-08-03,18.58,99000000.0,Language & Audio,"University of Washington,Allen Institute for AI,Facebook AI Research",United States
2020-08-02,22.16,610000000.0,Language & Audio,Facebook AI,United States
2020-07-01,20.48,1000000000000.0,Language & Audio,Meta AI,United States
2020-06-30,22.68,2300000000.0,Language & Audio,Google,United States
2020-06-30,22.12,600000000000.0,Language & Audio,Google,United States
2020-06-22,22.08,6660000000.0,Language & Audio,OpenAI,United States
2020-06-22,21.38,1320000000.0,Language & Audio,OpenAI,United States
2020-06-22,20.35,125000000.0,Language & Audio,OpenAI,United States
2020-06-22,20.81,356000000.0,Language & Audio,OpenAI,United States
2020-06-22,21.14,760000000.0,Language & Audio,OpenAI,United States
2020-06-22,21.68,2650000000.0,Language & Audio,OpenAI,United States
2020-06-22,22.36,12850000000.0,Language & Audio,OpenAI,United States
2020-06-17,22.52,6801000000.0,Multimodal,OpenAI,United States
2020-06-17,21.95,1362000000.0,Multimodal,OpenAI,United States
2020-06-01,18.2,85500000.0,Language & Audio,"NERSC, Lawrence Berkeley National Laboratory,University of California (UC) Berkeley",United States
2020-05-28,23.5,174600000000.0,Language & Audio,OpenAI,United States
2020-05-28,22.08,6700000000.0,Language & Audio,"Microsoft,OpenAI",United States
2020-05-26,20.6,60000000.0,Vision & Media,Facebook,United States
2020-05-21,16.16,69000000.0,Language & Audio,Stanford University,United States
2020-05-12,17.14,25000000.0,Language & Audio,"Westlake University,Institute for Advanced Study,McGill University,Mila - Quebec AI (originally Montreal Institute for Learning Algorithms),CIFAR AI Research,University of Montreal / Université de Montréal",China
2020-05-06,18.46,156000000.0,Language & Audio,"Northeastern University (China),Chinese Academy of Sciences,NiuTrans Research,Kingsoft",China
2020-05-02,19.22,11000000000.0,Language & Audio,"Allen Institute for AI,University of Washington",United States
2020-04-29,20.79,7700000.0,Vision & Media,"MIT-IBM Watson AI Lab,Massachusetts Institute of Technology (MIT),IBM",United States
2020-04-04,14.44,1010000.0,Language & Audio,"Pennsylvania State University,Rochester Institute of Technology",United States
2020-03-24,18.98,225000000.0,Science & Engineering,Google,United States
2020-03-23,21.49,335000000.0,Language & Audio,"Stanford University,Google,Google Brain",United States
2020-03-17,18.2,85300000.0,Language & Audio,University of California (UC) Berkeley,United States
2020-03-15,18.39,672080.0,Science & Engineering,"University of Washington,Microsoft Research",United States
2020-03-13,20.57,1200000000.0,Science & Engineering,"Salesforce Research,Stanford University",United States
2020-03-11,19.42,151000000.0,Language & Audio,"University of California Los Angeles (UCLA),JD.com",United States
2020-03-02,16.42,24000000.0,Language & Audio,"University of Oxford,University of Bristol,University of Cambridge",Europe
2020-02-21,18.89,126000000.0,Language & Audio,"LORIA,University of Lorraine,Facebook AI Research",Europe
2020-02-14,19.53,220000000.0,Language & Audio,Google,United States
2020-02-13,22.2,17000000000.0,Language & Audio,Microsoft,United States
2020-02-09,21.38,235000000.0,Language & Audio,"Toyota Technological Institute at Chicago,Google",United States
2020-01-28,23.05,2600000000.0,Language & Audio,Google Brain,United States
2020-01-15,20.0,16340840.0,Science & Engineering,DeepMind,Europe
2019-12-17,19.61,93000000.0,Science & Engineering,Technical University of Munich,Europe
2019-12-13,22.83,159000000.0,Robotics & Games,OpenAI,United States
2019-12-13,22.11,159000000.0,Robotics & Games,OpenAI,United States
2019-12-05,18.37,75000000.0,Language & Audio,"Beijing University of Posts and Telecommunications,University of West London",China
2019-12-05,17.29,32300000.0,Language & Audio,"Beijing University of Posts and Telecommunications,University of West London",China
2019-12-05,16.77,21300000.0,Language & Audio,"Beijing University of Posts and Telecommunications,University of West London",China
2019-12-02,14.44,2550000.0,Language & Audio,"Numenta,Incubator 491",United States
2019-11-27,18.24,141000000.0,Language & Audio,"University of Washington,Allen Institute for AI",United States
2019-11-20,18.86,30100000.0,Language & Audio,"Zhejiang University (ZJU),Microsoft Research",China
2019-11-19,19.68,36864000.0,Robotics & Games,DeepMind,Europe
2019-11-11,22.42,480000000.0,Vision & Media,"Carnegie Mellon University (CMU),Google",United States
2019-11-10,19.37,209000000.0,Language & Audio,"Allen Institute for AI,Facebook AI Research",United States
2019-11-10,20.92,335000000.0,Language & Audio,"Facebook,INRIA,Sorbonne University",United States
2019-11-08,17.83,29500000.0,Vision & Media,Ecole Polytechnique F´ed´erale de Lausanne (EPFL),Europe
2019-11-05,22.32,550000000.0,Language & Audio,Facebook AI,United States
2019-11-01,19.48,247000000.00000003,Language & Audio,"Stanford University,Facebook AI Research",United States
2019-10-30,23.03,139000000.0,Robotics & Games,DeepMind,Europe
2019-10-23,21.95,2800000000.0,Language & Audio,Google,United States
2019-10-23,22.52,11000000000.0,Language & Audio,Google,United States
2019-10-20,16.36,48000000.0,Language & Audio,"Tsinghua University,Beijing University of Posts and Telecommunications,Huawei Noah's Ark Lab",China
2019-10-16,18.44,65000000.0,Language & Audio,"University of Edinburgh,University of Zurich",Europe
2019-10-15,20.93,27769565.0,Robotics & Games,OpenAI,United States
2019-10-02,17.95,5400000.0,Vision & Media,"Facebook AI Research,Brown University",United States
2019-10-02,19.09,66000000.0,Language & Audio,Hugging Face,United States
2019-09-17,22.34,3900000000.0,Language & Audio,NVIDIA,United States
2019-09-17,21.96,8300000000.0,Language & Audio,NVIDIA,United States
2019-09-17,18.06,1600000.0,Robotics & Games,OpenAI,United States
2019-09-17,21.37,2500000000.0,Language & Audio,NVIDIA,United States
2019-09-17,20.53,355000000.0,Language & Audio,NVIDIA,United States
2019-09-17,22.05,1200000000.0,Language & Audio,NVIDIA,United States
2019-09-06,19.29,38000000.0,Vision & Media,Massachusetts Institute of Technology (MIT),United States
2019-09-04,17.8,28303800.0,Science & Engineering,Fraunhofer Heinrich Hertz Institute,Europe
2019-09-03,17.91,110000000.0,Language & Audio,"Carnegie Mellon University (CMU),Intel Labs",United States
2019-07-12,15.94,15800000.0,Language & Audio,"Michigan State University,TAL Education Group (Xueersi)",United States
2019-07-02,19.07,133000000.0,Language & Audio,Facebook AI Research,United States
2019-07-01,21.93,355000000.0,Language & Audio,"Facebook,University of Washington",United States
2019-07-01,21.19,125000000.0,Language & Audio,"Facebook,University of Washington",United States
2019-06-24,18.68,257000000.0,Language & Audio,"Tianjin University,Microsoft Research Asia,Beijing Institute of Technology",China
2019-06-24,19.38,160000000.0,Language & Audio,"Tianjin University,Microsoft Research Asia,Beijing Institute of Technology",China
2019-06-24,15.3,12000000.0,Language & Audio,"Tianjin University,Microsoft Research Asia,Beijing Institute of Technology",China
2019-06-24,18.2,85300000.0,Language & Audio,"Tianjin University,Microsoft Research Asia,Beijing Institute of Technology",China
2019-06-19,19.48,38000000.0,Science & Engineering,"University of California (UC) Berkeley,Covariant,Google,Chan Zuckerberg Initiative",United States
2019-06-10,17.5,35000000.0,Language & Audio,University of Texas at Austin,United States
2019-06-04,20.58,257000000.0,Language & Audio,"Massachusetts Institute of Technology (MIT),University of Illinois Urbana-Champaign (UIUC)",United States
2019-06-01,21.79,340000000.0,Language & Audio,"Carnegie Mellon University (CMU),Google Brain",United States
2019-05-31,18.6,100000000000.0,Language & Audio,Facebook AI,United States
2019-05-29,21.67,1500000000.0,Language & Audio,University of Washington,United States
2019-05-29,21.18,5200000.0,Vision & Media,Google,United States
2019-05-29,21.18,4900000.0,Vision & Media,Google,United States
2019-05-14,17.61,34000000.0,Language & Audio,IDIAP,Europe
2019-04-25,20.34,2038431744.0,Language & Audio,OpenAI,United States
2019-04-23,18.61,95000000.0,Language & Audio,OpenAI,United States
2019-04-23,21.16,152000000.0,Vision & Media,OpenAI,United States
2019-04-20,20.19,395000000.0,Language & Audio,Amazon,United States
2019-04-10,17.66,8720.0,Science & Engineering,University of California San Diego,United States
2019-04-10,17.66,26128.0,Science & Engineering,University of California San Diego,United States
2019-04-10,17.66,26128.0,Science & Engineering,University of California San Diego,United States
2019-04-10,17.66,26128.0,Science & Engineering,University of California San Diego,United States
2019-04-08,18.55,23000000.0,Language & Audio,Amazon,United States
2019-04-08,17.86,23000000.0,Language & Audio,Amazon,United States
2019-04-01,19.5,247000000.00000003,Language & Audio,"Facebook AI Research,Google Brain",United States
2019-03-26,19.34,18200000.0,Science & Engineering,Harvard University,United States
2019-03-26,19.95,110000000.0,Language & Audio,Allen Institute for AI,United States
2019-02-27,19.37,2500000.0,Robotics & Games,Jane Street,United States
2019-02-14,21.28,1500000000.0,Language & Audio,OpenAI,United States
2019-02-14,20.9,124000000.0,Language & Audio,OpenAI,United States
2019-02-14,21.69,774000000.0,Language & Audio,OpenAI,United States
2019-02-14,21.36,355000000.0,Language & Audio,OpenAI,United States
2019-02-06,16.52,66000000.0,Language & Audio,"Samsung R&D Institute Russia,National Research University Higher School of Economics",Europe
2019-02-01,18.63,764000.0,Robotics & Games,"DeepMind,University of Oxford,Carnegie Mellon University (CMU),Google Brain",Europe
2019-01-09,20.58,257000000.0,Language & Audio,"Carnegie Mellon University (CMU),Google Brain",United States
2019-01-04,17.67,36500000.0,Vision & Media,University of Freiburg,Europe
2018-12-12,16.59,26200000.0,Vision & Media,NVIDIA,United States
2018-11-12,16.71,46000000.0,Language & Audio,Samsung R&D Institute Russia,Europe
2018-11-05,20.21,4900000000.0,Language & Audio,Google Brain,United States
2018-11-05,19.84,2900000000.0,Language & Audio,Google Brain,United States
2018-10-15,18.44,180000000.0,Language & Audio,"Carnegie Mellon University (CMU),Bosch Center for Artificial Intelligence,Intel Labs",United States
2018-10-11,20.45,340000000.0,Language & Audio,Google,United States
2018-09-28,21.26,112694781.0,Vision & Media,"Heriot-Watt University,DeepMind",Europe
2018-09-28,19.65,247000000.0,Language & Audio,Facebook AI Research,United States
2018-09-24,14.99,2100000.0,Language & Audio,"KU Leuven,ESAT - PSI,Apple",Europe
2018-09-17,19.04,90000000.0,Language & Audio,"ASAPP,Cornell University,Google,Princeton University",United States
2018-08-14,17.61,60852800.0,Language & Audio,IBM,United States
2018-08-13,16.08,53477376.0,Language & Audio,"Tsinghua University,University of California Los Angeles (UCLA)",China
2018-08-01,20.33,3181588.0,Robotics & Games,OpenAI,United States
2018-07-10,17.39,77360000.0,Vision & Media,IBM,United States
2018-07-10,19.8,77360000.0,Vision & Media,IBM,United States
2018-07-10,17.63,3320000.0,Language & Audio,IBM,United States
2018-07-03,19.54,126001330.0,Robotics & Games,DeepMind,Europe
2018-06-27,19.14,1200000.0,Multimodal,"Google Brain,University of California (UC) Berkeley",United States
2018-06-24,17.51,33000000.0,Language & Audio,"DeepMind,Carnegie Mellon University (CMU)",Europe
2018-06-01,19.24,117000000.0,Language & Audio,OpenAI,United States
2018-05-22,16.86,32000000.0,Language & Audio,"University of Manchester,Alan Turing Institute",Europe
2018-05-22,16.38,24000000.0,Language & Audio,University of Manchester,Europe
2018-05-03,17.1,51000000.0,Language & Audio,"Columbia University,New York University (NYU),Princeton University",United States
2018-05-03,17.1,51000000.0,Language & Audio,"Columbia University,New York University (NYU),Princeton University",United States
2018-05-03,16.69,22000000.0,Language & Audio,"Columbia University,New York University (NYU),Princeton University",United States
2018-05-03,16.49,13000000.0,Language & Audio,"Columbia University,New York University (NYU),Princeton University",United States
2018-05-03,16.75,51000000.0,Language & Audio,"Columbia University,New York University (NYU),Princeton University",United States
2018-05-02,21.94,829000000.0,Vision & Media,Facebook,United States
2018-04-27,16.32,87600000.0,Language & Audio,Northwestern University,United States
2018-04-26,19.26,378900000.0,Language & Audio,Google AI,United States
2018-04-08,19.13,56933216.0,Vision & Media,University of Washington,United States
2018-03-27,19.52,530442240.0,Language & Audio,"DeepMind,University College London (UCL)",Europe
2018-03-22,17.77,151000000.0,Language & Audio,Salesforce Research,United States
2018-02-09,16.3,24000000.0,Language & Audio,"Google Brain,Carnegie Mellon University (CMU),Stanford University",United States
2018-02-05,20.59,469000000.0,Vision & Media,Google Brain,United States
2018-02-05,20.23,1600000.0,Robotics & Games,DeepMind,Europe
2018-02-01,15.52,94000000.0,Language & Audio,"University of Washington,Allen Institute for AI",United States
2018-02-01,17.84,135000000.0,Language & Audio,Salesforce Research,United States
2018-01-18,17.44,441000000.0,Language & Audio,"University of San Francisco,Insight Centre NUI Galway,Fast.ai",United States
2018-01-01,14.7,13275200.0,Language & Audio,Northwestern University,United States
2017-12-05,15.13,6020000.0,Language & Audio,"Tsinghua University,Stanford University,NVIDIA",China
2017-12-02,19.82,86100000.0,Vision & Media,"Johns Hopkins University,Google AI,Stanford University",United States
2017-11-10,18.53,35000000.0,Language & Audio,Carnegie Mellon University (CMU),United States
2017-10-31,17.49,34000000.0,Language & Audio,"Jagiellonian University,Mila - Quebec AI (originally Montreal Institute for Learning Algorithms),University of Montreal / Université de Montréal",Europe
2017-10-18,20.81,46400244.0,Robotics & Games,DeepMind,Europe
2017-09-15,15.53,11100000.000000002,Language & Audio,"Duke University,Microsoft",United States
2017-08-07,18.32,53000000.0,Vision & Media,Facebook AI Research,United States
2017-08-07,17.47,33000000.0,Language & Audio,Salesforce Research,United States
2017-08-07,17.0,24000000.0,Language & Audio,Salesforce Research,United States
2017-07-19,16.11,23000000.0,Language & Audio,Ghent University,Europe
2017-07-19,15.89,14000000.0,Language & Audio,Ghent University,Europe
2017-07-10,20.93,44654504.0,Vision & Media,"Google Research,Carnegie Mellon University (CMU)",United States
2017-06-12,18.87,213000000.0,Language & Audio,"Google Research,Google Brain",United States
2017-03-28,17.67,60000000.0,Vision & Media,"University of Pittsburgh,Duke University",United States
2017-01-27,17.76,7800000.0,Language & Audio,"Facebook AI Research,University of Le Mans",United States
2017-01-23,19.97,8700000000.0,Language & Audio,"Jagiellonian University,Google Brain",Europe
2016-12-23,17.12,814464.0,Vision & Media,Max Planck Institute for Intelligent Systems,Europe
2016-12-22,15.48,42000000.0,Language & Audio,Ecole Polytechnique F´ed´erale de Lausanne (EPFL),Europe
2016-12-13,18.85,44500000.0,Vision & Media,Carnegie Mellon University (CMU),United States
2016-11-16,19.08,83000000.0,Vision & Media,"University of California San Diego,Facebook",United States
2016-11-05,21.34,37400000.0,Vision & Media,Google Brain,United States
2016-11-05,16.02,54000000.0,Language & Audio,Google Brain,United States
2016-11-05,18.54,2600000.0,Language & Audio,"University of Washington,Allen Institute for AI",United States
2016-11-04,16.33,51000000.0,Language & Audio,"Salesforce Research,Stanford University",United States
2016-10-07,20.64,22855952.0,Vision & Media,Google,United States
2016-09-26,21.82,278000000.0,Language & Audio,Google,United States
2016-09-26,15.87,21000000.0,Language & Audio,"MetaMind Inc,Salesforce",United States
2016-09-26,16.21,21000000.0,Language & Audio,"MetaMind Inc,Salesforce",United States
2016-09-26,15.85,20000000.0,Language & Audio,MetaMind Inc,United States
2016-09-26,15.2,21000000.0,Language & Audio,MetaMind Inc,United States
2016-09-22,17.0,84000000.0,Language & Audio,Harvard University,United States
2016-08-12,16.81,82130304.0,Vision & Media,Google DeepMind,United States
2016-07-12,15.55,32000000.0,Language & Audio,"ETH Zurich,IDSIA",Europe
2016-07-12,17.11,23000000.0,Language & Audio,"ETH Zurich,IDSIA",Europe
2016-02-11,20.01,1040000000.0,Language & Audio,Google Brain,United States
2016-02-11,19.94,1040000000.0,Language & Audio,Google Brain,United States
2015-12-16,15.77,66000000.0,Language & Audio,University of Cambridge,Europe
2015-12-10,19.02,60200000.0,Vision & Media,Microsoft,United States
2015-12-10,18.85,44500000.0,Vision & Media,Microsoft,United States
2015-12-08,19.41,38000000.0,Language & Audio,Baidu Research - Silicon Valley AI Lab,United States
2015-12-02,20.0,23626728.0,Vision & Media,"Google,University College London (UCL)",United States
2015-10-28,19.09,138000000.0,Vision & Media,"Beijing Institute of Technology,Sun Yat-sen University,Panasonic R&D,National University of Singapore",China
2015-10-01,20.58,8209984.0,Robotics & Games,DeepMind,Europe
2015-08-26,15.42,19000000.0,Language & Audio,"Harvard University,New York University (NYU)",United States
2015-08-07,17.68,5006000.0,Vision & Media,"University of Maryland,Rutgers University",United States
2015-07-06,15.52,20000000.0,Language & Audio,Google,United States
2015-05-18,16.71,37676160.0,Vision & Media,University of Freiburg,Europe
2015-04-06,17.29,18413568.0,Language & Audio,Carnegie Mellon University (CMU),United States
2015-03-17,16.53,8000000.0,Language & Audio,"Chinese Academy of Sciences,Huawei Noah's Ark Lab,Dublin City University",China
2015-02-06,19.38,87048800.0,Vision & Media,Microsoft Research,United States
2014-12-22,14.8,2370000.0,Vision & Media,"University of Amsterdam,OpenAI,University of Toronto",Europe
2014-12-18,17.0,27000000.0,Vision & Media,University of Warwick,Europe
2014-12-03,20.47,62000000000.0,Language & Audio,Google,United States
2014-09-17,18.18,6797700.0,Vision & Media,"Google,University of Michigan,University of North Carolina",United States
2014-09-10,19.75,1920000000.0,Language & Audio,Google,United States
2014-09-08,16.63,66000000.0,Language & Audio,"New York University (NYU),Google Brain",United States
2014-09-04,19.09,138000000.0,Vision & Media,University of Oxford,Europe
2014-09-04,19.04,144000000.0,Vision & Media,University of Oxford,Europe
2014-07-15,13.88,6144.0,Vision & Media,Chinese Academy of Sciences,China
2013-12-20,14.68,784000.0,Vision & Media,University of Amsterdam,Europe
2013-12-19,15.45,836096.0,Robotics & Games,DeepMind,Europe
2013-12-05,18.13,942000000.0,Language & Audio,"Universite de Technologie de Compiègne – CNRS,Google",Europe
2013-10-16,16.59,692000000.0,Language & Audio,Google,United States
2013-09-22,17.14,37230.0,Multimodal,IDSIA,Europe
2013-08-01,17.38,51609600.0,Vision & Media,New York University (NYU),United States
2013-05-26,17.11,101706240.0,Language & Audio,"Google,University of Toronto,New York University (NYU)",United States
2012-12-03,17.49,47185920.0,Language & Audio,Google,United States
2012-12-03,17.68,218896.0,Vision & Media,"IDSIA,SUPSI",Europe
2012-09-09,16.22,102720000.0,Language & Audio,RWTH Aachen University,Europe
2012-07-12,17.78,1000000000.0,Vision & Media,Google,United States
2012-06-27,14.7,2000000.0,Language & Audio,University College London (UCL),Europe
2012-02-13,16.2,2653700.0,Vision & Media,"IDSIA,SUPSI",Europe
2011-10-03,15.0,1388800.0,Vision & Media,IDSIA,Europe
2011-09-18,16.41,128420.0,Vision & Media,IDSIA,Europe
2011-09-18,16.72,120620.0,Vision & Media,IDSIA,Europe
2011-07-16,16.41,4878300.0,Vision & Media,"IDSIA,SUPSI",Europe
2010-09-26,16.23,22160000.0,Language & Audio,"Brno University of Technology,Johns Hopkins University",Europe
2010-09-26,16.1,19250000.0,Language & Audio,"Brno University of Technology,Johns Hopkins University",Europe
2010-09-26,16.73,70265000.0,Language & Audio,Johns Hopkins University,United States
2010-09-26,16.7,77039000.0,Language & Audio,"Brno University of Technology,Johns Hopkins University",Europe
2010-09-15,15.09,294912.0,Vision & Media,University of Bonn,Europe
2010-09-15,15.16,268664.0,Vision & Media,University of Bonn,Europe
2010-03-01,14.12,12110000.0,Vision & Media,"IDSIA,University of Lugano,SUPSI",Europe
2009-11-22,15.52,13729792.0,Vision & Media,University of Bonn,Europe
2009-09-01,13.32,258800.0,Vision & Media,New York University (NYU),United States
2009-08-31,14.49,14423.0,Vision & Media,Courant Institute of Mathematical Sciences,United States
2009-07-01,18.0,1000000.0,Language & Audio,Google,United States
2009-06-15,15.0,100000000.0,Other,Stanford University,United States
2009-01-08,14.45,12410.0,Multimodal,Courant Institute of Mathematical Sciences,United States
2008-12-09,9.21,30.0,Other,University of Siena,Europe
2007-06-22,18.16,300000000000.0,Language & Audio,Google,United States
2007-06-22,17.89,21000000000.0,Language & Audio,Google,United States
2006-06-17,13.99,3590057.0,Vision & Media,Courant Institute of Mathematical Sciences,United States
2006-06-17,14.87,90857.0,Vision & Media,New York University (NYU),United States
2005-08-07,12.54,5711.0,Language & Audio,"Microsoft Research,Microsoft",United States
2005-08-01,13.38,152061.0,Language & Audio,"IDSIA,Technical University of Munich",Europe
2004-12-01,13.72,16636.0,Vision & Media,"NEC Laboratories,Courant Institute of Mathematical Sciences",United States
2004-06-27,11.99,90575.0,Vision & Media,New York University (NYU),United States
2001-12-08,13.8,12000.0,Vision & Media,"Mitsubishi Electric Research Labs,Compaq CRL",United States
2000-11-28,13.71,3925310.0,Vision & Media,University College London (UCL),Europe
1999-07-01,6.74,324.0,Vision & Media,"University College London (UCL),University of Toronto",Europe
1998-11-01,12.45,60000.0,Vision & Media,AT&T,United States
1997-11-15,13.5,10504.0,Language & Audio,Technical University of Munich,Europe
1996-06-18,10.41,6452.0,Vision & Media,Carnegie Mellon University (CMU),United States
1995-11-27,11.29,432800.0,Vision & Media,University of Texas at Austin,United States
1994-12-02,13.27,206910.0,Language & Audio,Technical University of Munich,Europe
1994-01-07,9.66,1888.0,Science & Engineering,Sapienza Università di Roma,Europe
1993-08-01,13.11,744.0,Vision & Media,Bell Laboratories,United States
1992-10-16,7.73,594.0,Science & Engineering,National Cancer Institute,United States
1992-05-01,13.26,25000.0,Robotics & Games,IBM,United States
1990-06-01,10.55,27480.0,Language & Audio,Oregon State University,United States
1989-12-01,12.18,9760.0,Vision & Media,"AT&T,Bell Laboratories",United States
1989-12-01,8.08,10.0,Science & Engineering,"Stanford University,California Institute of Technology",United States
1989-12-01,10.02,36627.0,Robotics & Games,Carnegie Mellon University (CMU),United States
1989-11-27,9.87,3040.0,Language & Audio,University of Washington,United States
1989-11-27,11.26,2578.0,Vision & Media,AT&T,United States
1987-06-15,10.26,816.0,Other,Carnegie Mellon University (CMU),United States
1987-06-06,10.45,18629.0,Language & Audio,Princeton University,United States
1987-06-06,10.44,18629.0,Language & Audio,Princeton University,United States
1986-10-01,8.83,720.0,Science & Engineering,"University of California San Diego,Carnegie Mellon University (CMU)",United States
1986-08-15,8.59,432.0,Other,Carnegie Mellon University (CMU),United States
1983-09-01,8.51,324.0,Robotics & Games,University of Massachusetts Amherst,United States
1966-11-01,8.02,2061.0,Language & Audio,IBM,United States
1960-06-30,3.82,17.0,Vision & Media,Stanford University,United States
1960-03-30,8.86,1000.0,Vision & Media,Cornell Aeronautical Laboratory,United States
1959-07-01,8.63,16.0,Robotics & Games,IBM,United States
1957-01-01,5.84,1000.0,Other,"Cornell Aeronautical Laboratory,Cornell University",United States
1950-07-02,1.6,40.0,Robotics & Games,Bell Laboratories,United States
