company,total_laid_off,date,percentage_laid_off,Sector,Region
Pentera,40.0,2026-04-27,0.08,Cloud & Ecosystems,United States
Meta,8000.0,2026-04-17,0.1,Consumer & Retail,United States
Shutterfly,80.0,2026-04-16,,Infrastructure (Chip),United States
Snap,1000.0,2026-04-15,0.16,Consumer & Retail,United States
UKG,950.0,2026-04-15,,Business Services,United States
GoCardless,90.0,2026-04-14,,Data & Storage,Europe
GoPro,145.0,2026-04-07,0.23,Consumer & Retail,United States
Pendo,90.0,2026-04-07,0.1,Software & Platform,United States
Oracle,30000.0,2026-03-31,,Other,United States
Monzo,50.0,2026-03-31,,Data & Storage,Europe
Enpal,100.0,2026-03-27,,Infrastructure (Chip),Europe
Epic Games,1000.0,2026-03-24,,Consumer & Retail,United States
Zendesk,100.0,2026-03-24,,Business Services,United States
Spotify,15.0,2026-03-23,,Software & Platform,Europe
Dell,11000.0,2026-03-16,0.1,Infrastructure (Chip),United States
InvestCloud,150.0,2026-03-10,,Data & Storage,United States
Supernal,296.0,2026-03-04,0.8,Cloud & Ecosystems,United States
Amazon,100.0,2026-03-04,,Consumer & Retail,United States
At-Bay,25.0,2026-03-04,,Cloud & Ecosystems,United States
MicroVision,49.0,2026-03-03,,Other,United States
Block,4000.0,2026-02-26,0.4,Data & Storage,United States
Ocado,1000.0,2026-02-26,0.05,Consumer & Retail,Europe
C3.ai,280.0,2026-02-25,0.26,Software & Platform,United States
Deliveroo,187.0,2026-02-25,,Consumer & Retail,Europe
TrueCar,100.0,2026-02-24,0.3,Cloud & Ecosystems,United States
Cyberark,500.0,2026-02-17,0.12,Cloud & Ecosystems,United States
Axonius,40.0,2026-02-15,0.04,Cloud & Ecosystems,United States
Clari,76.0,2026-02-12,,Business Services,United States
Glossier,50.0,2026-02-11,0.33,Consumer & Retail,United States
Workday,400.0,2026-02-04,0.02,Business Services,United States
Zillow,200.0,2026-02-02,,Data & Storage,United States
Zipcar,126.0,2026-02-02,,Cloud & Ecosystems,United States
Expedia,100.0,2026-02-01,,Consumer & Retail,United States
Kiwi.com,250.0,2026-01-29,0.36,Consumer & Retail,Europe
ASML,1700.0,2026-01-28,,Infrastructure (Chip),Europe
Pinterest,700.0,2026-01-27,0.15,Consumer & Retail,United States
Autodesk,1000.0,2026-01-22,0.07,Other,United States
Ericsson,1600.0,2026-01-15,,Other,Europe
Tipalti,100.0,2026-01-15,,Data & Storage,United States
Aleph Alpha,50.0,2026-01-14,0.16,Software & Platform,Europe
FormFactor,220.0,2026-01-09,0.11,Infrastructure (Chip),United States
Kaseya,250.0,2026-01-08,0.05,Cloud & Ecosystems,United States
Tailwind Labs,3.0,2026-01-08,,Software & Platform,United States
Angi,350.0,2026-01-07,,Consumer & Retail,United States
Multiverse,55.0,2026-01-05,,Software & Platform,Europe
Yellow.ai,100.0,2025-12-23,0.3,Business Services,United States
Lusha,24.0,2025-12-10,0.08,Business Services,United States
VSCO,24.0,2025-12-09,,Consumer & Retail,United States
Payoneer,60.0,2025-12-08,0.06,Data & Storage,United States
Teads,180.0,2025-12-04,0.1,Business Services,United States
Aqua Security,20.0,2025-12-01,,Cloud & Ecosystems,United States
HP,4000.0,2025-11-25,,Infrastructure (Chip),United States
ezCater,40.0,2025-11-21,0.04,Consumer & Retail,United States
Monarch Tractor,102.0,2025-11-19,,Other,United States
Pleo,100.0,2025-11-19,0.12,Data & Storage,Europe
Pipe,200.0,2025-11-16,0.5,Data & Storage,United States
Synopsys,2000.0,2025-11-12,0.1,Other,United States
Deepwatch,80.0,2025-11-12,0.32,Cloud & Ecosystems,United States
MyBambu,141.0,2025-11-05,1.0,Data & Storage,United States
Hewlett Packard Enterprise,52.0,2025-11-05,,Infrastructure (Chip),United States
Personio,165.0,2025-10-29,0.1,Business Services,Europe
Chegg,388.0,2025-10-27,0.45,Software & Platform,United States
Medtronic,60.0,2025-10-27,,Software & Platform,United States
Applied Material,1400.0,2025-10-23,0.04,Infrastructure (Chip),United States
Rivian,600.0,2025-10-23,0.04,Cloud & Ecosystems,United States
Altruist,50.0,2025-10-23,0.15,Data & Storage,United States
Ludeo,25.0,2025-10-20,0.5,Consumer & Retail,United States
Broadcom,247.0,2025-10-17,,Infrastructure (Chip),United States
Handshake,100.0,2025-10-14,0.15,Business Services,United States
Smartsheet,120.0,2025-10-02,,Other,United States
Google,50.0,2025-10-02,,Consumer & Retail,United States
Paycom,500.0,2025-10-01,,Business Services,United States
Just Eat,450.0,2025-09-25,0.05,Consumer & Retail,Europe
ZipRecruiter,80.0,2025-09-16,,Business Services,United States
xAI,500.0,2025-09-12,,Software & Platform,United States
Verbit,22.0,2025-09-10,,Data & Storage,United States
Microsoft,42.0,2025-09-08,,Other,United States
Salesforce,262.0,2025-09-04,,Business Services,United States
Rec Room,141.0,2025-08-27,,Consumer & Retail,United States
Cisco,221.0,2025-08-19,,Cloud & Ecosystems,United States
Restaurant365,100.0,2025-08-14,0.09,Consumer & Retail,United States
F5,106.0,2025-08-13,0.02,Cloud & Ecosystems,United States
Micron,300.0,2025-08-12,,Infrastructure (Chip),United States
Kaltura,70.0,2025-08-07,0.1,Software & Platform,United States
Nextdoor,67.0,2025-08-07,0.12,Consumer & Retail,United States
Yotpo,200.0,2025-08-05,0.34,Business Services,United States
Windsurf,30.0,2025-08-05,,Software & Platform,United States
Wondery,100.0,2025-08-04,,Software & Platform,United States
ConsenSys,47.0,2025-07-22,0.07,Cloud & Ecosystems,United States
TytoCare,35.0,2025-07-17,0.22,Software & Platform,United States
Scale AI,200.0,2025-07-16,0.14,Data & Storage,United States
Lenovo,100.0,2025-07-16,0.03,Infrastructure (Chip),United States
Jamf,166.0,2025-07-15,0.06,Other,United States
King.com,200.0,2025-07-14,,Consumer & Retail,Europe
Intel,5000.0,2025-07-11,,Infrastructure (Chip),United States
Indeed + Glassdoor,1300.0,2025-07-10,,Business Services,United States
Augury,60.0,2025-07-10,0.18,Infrastructure (Chip),United States
Eigen Labs,29.0,2025-07-08,0.25,Cloud & Ecosystems,United States
TomTom,300.0,2025-06-30,0.1,Other,Europe
Bumble,240.0,2025-06-25,0.3,Consumer & Retail,United States
Khoros,116.0,2025-06-20,,Business Services,United States
Airtime,25.0,2025-06-04,0.43,Consumer & Retail,United States
Hims & Hers,68.0,2025-05-30,0.04,Software & Platform,United States
Climeworks,106.0,2025-05-21,0.22,Infrastructure (Chip),Europe
GroundGame Health,97.0,2025-05-15,,Software & Platform,United States
Match Group,325.0,2025-05-08,0.13,Consumer & Retail,United States
CrowdStrike,500.0,2025-05-07,0.05,Cloud & Ecosystems,United States
Beam,200.0,2025-05-01,1.0,Other,Europe
NetApp,700.0,2025-04-30,0.06,Data & Storage,United States
Electronic Arts,300.0,2025-04-29,,Consumer & Retail,United States
SambaNova,77.0,2025-04-25,0.15,Software & Platform,United States
Turo,150.0,2025-04-16,0.17,Cloud & Ecosystems,United States
AppLovin,97.0,2025-04-16,,Business Services,United States
Smashing,7.0,2025-04-16,1.0,Consumer & Retail,United States
Forto,200.0,2025-04-12,,Cloud & Ecosystems,Europe
Five9,123.0,2025-04-03,0.04,Business Services,United States
Automattic,281.0,2025-04-02,0.16,Other,United States
Northvolt,2800.0,2025-03-31,0.62,Infrastructure (Chip),Europe
Palantir,120.0,2025-03-27,,Data & Storage,United States
Niantic,68.0,2025-03-25,,Other,United States
Prefect,20.0,2025-03-25,,Data & Storage,United States
Brightcove,198.0,2025-03-19,0.33,Business Services,United States
Acxiom,130.0,2025-03-19,0.03,Business Services,United States
HelloFresh,273.0,2025-03-17,,Consumer & Retail,United States
ActiveFence,22.0,2025-03-13,0.07,Cloud & Ecosystems,United States
Wayfair ,340.0,2025-03-07,,Consumer & Retail,Europe
TikTok,300.0,2025-03-06,,Consumer & Retail,Europe
LiveRamp,65.0,2025-03-05,0.05,Business Services,United States
Grubhub,500.0,2025-02-28,0.23,Consumer & Retail,United States
Digimarc,90.0,2025-02-27,0.4,Other,United States
Flywire,125.0,2025-02-26,,Data & Storage,United States
Skybox Security,300.0,2025-02-24,1.0,Cloud & Ecosystems,United States
Ibotta,70.0,2025-02-22,0.08,Consumer & Retail,United States
SeatGeek,150.0,2025-02-20,0.15,Consumer & Retail,United States
Logically,40.0,2025-02-17,0.2,Software & Platform,Europe
Blue Origin,1000.0,2025-02-13,0.1,Infrastructure (Chip),United States
Redfin,450.0,2025-02-12,,Data & Storage,United States
Zepz,200.0,2025-02-12,0.2,Data & Storage,Europe
Wise,300.0,2025-02-10,,Data & Storage,United States
Justworks,200.0,2025-02-10,,Business Services,United States
MessageBird,120.0,2025-02-10,0.33,Other,Europe
Sprinklr,500.0,2025-02-06,0.15,Business Services,United States
Gemini,200.0,2025-02-05,,Cloud & Ecosystems,United States
Outbrain,200.0,2025-02-05,,Business Services,United States
Sonos,200.0,2025-02-05,0.12,Consumer & Retail,United States
Hugging Face,10.0,2025-02-05,0.04,Software & Platform,United States
Cruise,1000.0,2025-02-04,0.5,Cloud & Ecosystems,United States
Okta,180.0,2025-02-04,0.03,Cloud & Ecosystems,United States
AppsFlyer,100.0,2025-02-04,0.07,Data & Storage,United States
Asana,100.0,2025-02-04,,Other,United States
TripAdvisor,75.0,2025-02-04,,Consumer & Retail,United States
Sure,70.0,2025-02-03,,Data & Storage,United States
Placer.ai,150.0,2025-01-29,0.18,Data & Storage,United States
Digital River,122.0,2025-01-28,,Consumer & Retail,United States
Stripe,300.0,2025-01-21,0.03,Data & Storage,United States
Unbabel,66.0,2025-01-20,0.25,Business Services,Europe
Chrono24,110.0,2025-01-16,0.24,Consumer & Retail,Europe
Aurora Solar,58.0,2025-01-16,,Infrastructure (Chip),United States
HeyJobs,90.0,2025-01-15,,Business Services,Europe
Textio,15.0,2025-01-15,,Business Services,United States
Wayfair,730.0,2025-01-10,0.03,Consumer & Retail,Europe
Pandion,63.0,2025-01-10,1.0,Cloud & Ecosystems,United States
Icon,114.0,2025-01-09,,Infrastructure (Chip),United States
Lilium,1000.0,2024-12-23,1.0,Infrastructure (Chip),Europe
Foundry,74.0,2024-12-11,0.27,Cloud & Ecosystems,United States
Calendly,70.0,2024-12-11,0.13,Other,United States
Canoo,20.0,2024-12-11,,Cloud & Ecosystems,United States
Circle,50.0,2024-12-05,0.06,Cloud & Ecosystems,United States
Stash,88.0,2024-12-04,0.4,Data & Storage,United States
Booking Holdings,60.0,2024-12-04,,Consumer & Retail,United States
AlphaSense,150.0,2024-11-27,0.08,Other,United States
Adjust,304.0,2024-11-22,,Business Services,Europe
LinkedIn,202.0,2024-11-21,0.01,Business Services,United States
TrueLayer,71.0,2024-11-15,0.25,Data & Storage,Europe
Better Collective,300.0,2024-11-14,,Other,Europe
AMD,1000.0,2024-11-13,0.04,Infrastructure (Chip),United States
Forward,200.0,2024-11-12,1.0,Software & Platform,United States
Lyra Health,77.0,2024-11-12,0.02,Software & Platform,United States
Enphase Energy,500.0,2024-11-11,0.17,Infrastructure (Chip),United States
23andMe,200.0,2024-11-11,0.4,Software & Platform,United States
Sword Health,13.0,2024-11-11,,Software & Platform,United States
Freshworks,660.0,2024-11-07,0.13,Business Services,United States
Opendoor,300.0,2024-11-07,0.17,Data & Storage,United States
Akamai,250.0,2024-11-07,0.02,Cloud & Ecosystems,United States
ShareFile,199.0,2024-11-07,,Other,United States
iRobot,105.0,2024-11-06,0.16,Consumer & Retail,United States
Outreach,67.0,2024-11-06,0.09,Business Services,United States
Maven Clinic,60.0,2024-11-01,0.1,Software & Platform,United States
Dropbox,527.0,2024-10-30,0.2,Other,United States
Kraken,400.0,2024-10-30,0.15,Cloud & Ecosystems,United States
Miro,275.0,2024-10-30,0.18,Other,United States
Coursera,150.0,2024-10-25,0.1,Software & Platform,United States
Catena Media,29.0,2024-10-23,,Business Services,Europe
Venminder,100.0,2024-10-21,,Cloud & Ecosystems,United States
Jellysmack,22.0,2024-10-21,,Software & Platform,Europe
Gigamon,69.0,2024-10-15,,Data & Storage,United States
Nikola,130.0,2024-10-11,0.15,Cloud & Ecosystems,United States
CareerBuilder + Monster,200.0,2024-10-10,0.15,Business Services,United States
Eaze,500.0,2024-10-07,1.0,Consumer & Retail,United States
PubMatic,12.0,2024-10-07,0.01,Business Services,United States
Tome,12.0,2024-10-02,0.31,Business Services,United States
ABBYY,200.0,2024-10-01,,Data & Storage,Europe
Marin Software,27.0,2024-09-30,0.26,Business Services,United States
Drata,40.0,2024-09-26,0.09,Cloud & Ecosystems,United States
Moov,50.0,2024-09-25,,Data & Storage,United States
FreightWaves,16.0,2024-09-24,,Cloud & Ecosystems,United States
Reverb,40.0,2024-09-20,,Consumer & Retail,United States
CarTrawler,40.0,2024-09-19,0.1,Cloud & Ecosystems,Europe
Spendesk,151.0,2024-09-18,,Data & Storage,Europe
Runtastic,170.0,2024-09-16,,Software & Platform,Europe
Udemy,280.0,2024-09-11,,Software & Platform,United States
WeTransfer,260.0,2024-09-08,0.75,Other,Europe
Center,8.0,2024-09-07,0.04,Data & Storage,United States
Goop,39.0,2024-09-06,0.18,Consumer & Retail,United States
ChargePoint,250.0,2024-09-04,0.15,Infrastructure (Chip),United States
Fly.io,40.0,2024-09-04,,Cloud & Ecosystems,United States
Lyft,30.0,2024-09-04,0.01,Cloud & Ecosystems,United States
Character.ai,6.0,2024-08-29,0.05,Software & Platform,United States
Brave,27.0,2024-08-28,0.14,Consumer & Retail,United States
Apple,100.0,2024-08-27,,Infrastructure (Chip),United States
IBM,1000.0,2024-08-26,,Infrastructure (Chip),China
Tome Biosciences,131.0,2024-08-26,1.0,Software & Platform,United States
Velo3D,42.0,2024-08-26,,Infrastructure (Chip),United States
Retention.com,15.0,2024-08-16,,Business Services,United States
Grail,350.0,2024-08-13,,Software & Platform,United States
Branch.io,100.0,2024-08-09,,Business Services,United States
iCIMS,69.0,2024-08-09,,Business Services,United States
Submittable,40.0,2024-08-08,,Other,United States
Eventbrite,100.0,2024-08-07,0.11,Consumer & Retail,United States
Axios Media,50.0,2024-08-06,0.1,Software & Platform,United States
Infineon,1400.0,2024-08-05,,Infrastructure (Chip),Europe
Jam City,85.0,2024-08-05,0.1,Consumer & Retail,United States
Avaya,180.0,2024-08-01,0.03,Other,United States
Bungie,220.0,2024-07-31,0.17,Consumer & Retail,United States
Delivery Hero,200.0,2024-07-31,,Consumer & Retail,Europe
Moxion Power,248.0,2024-07-29,1.0,Infrastructure (Chip),United States
Humble Games,36.0,2024-07-23,1.0,Software & Platform,United States
Magic Leap,75.0,2024-07-19,,Consumer & Retail,United States
ON,60.0,2024-07-16,1.0,Consumer & Retail,United States
Intuit,1800.0,2024-07-10,0.1,Data & Storage,United States
Redbox,1000.0,2024-07-10,1.0,Software & Platform,United States
UIPath,420.0,2024-07-09,0.1,Other,United States
Upside Foods,26.0,2024-07-01,,Consumer & Retail,United States
Priceline,103.0,2024-06-28,0.07,Consumer & Retail,United States
RealPage,260.0,2024-06-27,0.04,Data & Storage,United States
Planet,180.0,2024-06-26,0.17,Infrastructure (Chip),United States
Ginkgo Bioworks,400.0,2024-06-20,0.35,Software & Platform,United States
Emma Sleep,200.0,2024-06-19,0.18,Consumer & Retail,Europe
Wex,375.0,2024-06-18,0.05,Data & Storage,United States
PayPal,85.0,2024-06-18,,Data & Storage,Europe
C2FO,16.0,2024-06-18,,Data & Storage,United States
LOOP,23.0,2024-06-16,0.77,Data & Storage,United States
Care/of,143.0,2024-06-15,1.0,Software & Platform,United States
Cypress.io,11.0,2024-06-14,,Software & Platform,United States
Paxos,65.0,2024-06-12,0.2,Cloud & Ecosystems,United States
Revel,1000.0,2024-06-06,,Cloud & Ecosystems,United States
Oda,150.0,2024-06-05,,Consumer & Retail,Europe
MoonPay,30.0,2024-06-05,0.1,Cloud & Ecosystems,United States
Tropic,40.0,2024-05-31,,Data & Storage,United States
FlightStats,73.0,2024-05-30,,Consumer & Retail,United States
ICANN,33.0,2024-05-30,0.07,Cloud & Ecosystems,United States
Walnut,15.0,2024-05-29,0.2,Business Services,United States
Glovo,22.0,2024-05-25,,Consumer & Retail,Europe
Lucid Motors,400.0,2024-05-24,0.06,Cloud & Ecosystems,United States
Foursquare,105.0,2024-05-23,0.25,Business Services,United States
Guild,300.0,2024-05-22,0.25,Software & Platform,United States
Cue Health,180.0,2024-05-22,1.0,Software & Platform,United States
Wefox,60.0,2024-05-16,,Data & Storage,Europe
Replit,30.0,2024-05-16,0.2,Software & Platform,United States
Atmosphere,100.0,2024-05-15,,Other,United States
Singularity 6,36.0,2024-05-15,,Other,United States
Indeed,1000.0,2024-05-13,0.08,Business Services,United States
Motional,550.0,2024-05-10,0.4,Cloud & Ecosystems,United States
Vacasa,800.0,2024-05-09,0.13,Consumer & Retail,United States
Arkane Studios,96.0,2024-05-08,1.0,Consumer & Retail,United States
Enovix,170.0,2024-05-06,0.33,Infrastructure (Chip),United States
Luminar,140.0,2024-05-03,0.2,Cloud & Ecosystems,United States
Bakkt,28.0,2024-05-03,,Cloud & Ecosystems,United States
Peloton,400.0,2024-05-02,0.15,Software & Platform,United States
Cabify,29.0,2024-05-02,,Cloud & Ecosystems,Europe
Assurance,112.0,2024-05-01,1.0,Data & Storage,United States
Tesla,500.0,2024-04-30,,Cloud & Ecosystems,United States
Getir,3300.0,2024-04-29,,Consumer & Retail,Europe
True Anomaly,30.0,2024-04-25,0.25,Infrastructure (Chip),United States
Freenome,100.0,2024-04-23,0.2,Software & Platform,United States
Heureka Group,100.0,2024-04-23,0.16,Consumer & Retail,Europe
OutSystems,150.0,2024-04-19,0.08,Software & Platform,United States
Showpad,50.0,2024-04-18,0.1,Business Services,Europe
Stability AI,20.0,2024-04-18,,Software & Platform,Europe
Take-Two,579.0,2024-04-16,0.05,Consumer & Retail,United States
Criteo,140.0,2024-04-12,0.04,Business Services,Europe
Fabric,30.0,2024-04-11,0.15,Cloud & Ecosystems,United States
Checkr,382.0,2024-04-09,0.32,Business Services,United States
Trendsales,79.0,2024-04-08,1.0,Consumer & Retail,Europe
Ghost Autonomy,100.0,2024-04-03,1.0,Cloud & Ecosystems,United States
Vivian Health,13.0,2024-04-03,,Software & Platform,United States
Osso VR,67.0,2024-04-01,,Software & Platform,United States
ChowNow,60.0,2024-03-28,0.2,Consumer & Retail,United States
Synctera,17.0,2024-03-26,0.15,Data & Storage,United States
Flock Freight,54.0,2024-03-16,,Cloud & Ecosystems,United States
Chipper Cash,20.0,2024-03-15,,Data & Storage,United States
Ancestry,81.0,2024-03-14,0.06,Consumer & Retail,United States
Phantom Auto,100.0,2024-03-12,1.0,Cloud & Ecosystems,United States
Deadspin,11.0,2024-03-11,1.0,Software & Platform,United States
Niche,24.0,2024-03-08,0.07,Software & Platform,United States
Turnitin,15.0,2024-03-07,0.02,Software & Platform,United States
Sorare,22.0,2024-03-06,0.13,Cloud & Ecosystems,United States
Edgio,80.0,2024-03-04,0.1,Cloud & Ecosystems,United States
Melio,40.0,2024-03-04,0.07,Data & Storage,United States
Our Next Energy,40.0,2024-03-04,0.13,Cloud & Ecosystems,United States
Project Ronin,150.0,2024-03-01,1.0,Software & Platform,United States
Gro Intelligence,90.0,2024-03-01,0.6,Consumer & Retail,United States
Treasury Prime,40.0,2024-02-28,0.4,Data & Storage,United States
Sony Interactive,900.0,2024-02-27,0.08,Consumer & Retail,United States
Redesign Health,77.0,2024-02-23,,Software & Platform,United States
Carbon Health,56.0,2024-02-23,,Software & Platform,United States
Affirm,60.0,2024-02-21,,Data & Storage,United States
Aptiv,250.0,2024-02-20,,Cloud & Ecosystems,Europe
Tails.com,55.0,2024-02-20,0.25,Consumer & Retail,Europe
Farfetch,2000.0,2024-02-16,0.25,Consumer & Retail,Europe
Voi,120.0,2024-02-16,0.12,Cloud & Ecosystems,Europe
Toast,550.0,2024-02-15,0.1,Consumer & Retail,United States
Sonder,106.0,2024-02-15,0.17,Consumer & Retail,United States
LinkSquares,90.0,2024-02-15,,Data & Storage,United States
Storytel,80.0,2024-02-15,0.13,Consumer & Retail,Europe
Instacart,250.0,2024-02-13,0.07,Consumer & Retail,United States
Mozilla,60.0,2024-02-13,0.05,Consumer & Retail,United States
Impinj,50.0,2024-02-13,0.1,Other,United States
Riskified,40.0,2024-02-13,0.06,Consumer & Retail,United States
SiriusXM,160.0,2024-02-12,0.03,Software & Platform,United States
Pure Storage,275.0,2024-02-08,,Data & Storage,United States
Otovo,65.0,2024-02-08,0.15,Infrastructure (Chip),Europe
Grammarly,230.0,2024-02-07,,Consumer & Retail,United States
Fireblocks,20.0,2024-02-07,0.03,Cloud & Ecosystems,United States
DocuSign,440.0,2024-02-06,0.06,Business Services,United States
Drizly,168.0,2024-02-05,1.0,Consumer & Retail,United States
BillGO,80.0,2024-02-05,,Data & Storage,United States
Impact.com,40.0,2024-02-05,0.03,Business Services,United States
Zoom,150.0,2024-02-01,0.02,Other,United States
Illumina,111.0,2024-02-01,,Software & Platform,United States
Proofpoint,280.0,2024-01-31,0.06,Cloud & Ecosystems,United States
Trove Recommerce,130.0,2024-01-31,,Consumer & Retail,United States
CircleCI,100.0,2024-01-31,,Software & Platform,United States
Thinx,95.0,2024-01-31,,Consumer & Retail,United States
TechCrunch,7.0,2024-01-30,,Software & Platform,United States
DispatchHealth,88.0,2024-01-29,,Software & Platform,United States
Veho,65.0,2024-01-25,0.19,Cloud & Ecosystems,United States
Amperity,20.0,2024-01-25,,Business Services,United States
MVPindex,12.0,2024-01-25,0.3,Business Services,United States
SAP,8000.0,2024-01-23,0.07,Other,Europe
eBay,1000.0,2024-01-23,0.09,Consumer & Retail,United States
Vroom,800.0,2024-01-23,0.9,Cloud & Ecosystems,United States
Brex,282.0,2024-01-23,0.2,Data & Storage,United States
GoStudent,100.0,2024-01-23,,Software & Platform,Europe
GoTo,29.0,2024-01-23,,Other,United States
Seedr,15.0,2024-01-23,,Data & Storage,Europe
Riot Games,530.0,2024-01-22,0.11,Consumer & Retail,United States
YouTube,100.0,2024-01-17,,Software & Platform,United States
Sirplus,60.0,2024-01-17,,Consumer & Retail,Europe
SonderMind,49.0,2024-01-16,0.17,Software & Platform,United States
First Mode,48.0,2024-01-16,0.2,Cloud & Ecosystems,United States
Veeam,300.0,2024-01-12,,Data & Storage,United States
New Work SE,400.0,2024-01-11,,Consumer & Retail,Europe
Discord,170.0,2024-01-11,0.17,Consumer & Retail,United States
Audible,100.0,2024-01-11,0.05,Software & Platform,United States
Sisense,60.0,2024-01-11,0.13,Data & Storage,United States
Cloudflare,40.0,2024-01-11,,Cloud & Ecosystems,United States
Citrix,1000.0,2024-01-10,0.12,Cloud & Ecosystems,United States
IAC,330.0,2024-01-10,,Consumer & Retail,United States
FreshDirect,100.0,2024-01-10,0.03,Consumer & Retail,United States
Beam Benefits,74.0,2024-01-10,,Software & Platform,United States
Instagram,60.0,2024-01-10,,Consumer & Retail,United States
Twitch,500.0,2024-01-09,0.35,Consumer & Retail,United States
Branch,85.0,2024-01-09,,Data & Storage,United States
Nevro,63.0,2024-01-09,0.05,Software & Platform,United States
FullStory,50.0,2024-01-09,0.1,Business Services,United States
Uber Freight,40.0,2024-01-09,,Cloud & Ecosystems,United States
Rent the Runway,37.0,2024-01-09,0.1,Consumer & Retail,United States
Treasure Financial,14.0,2024-01-09,0.6,Data & Storage,United States
Humane,10.0,2024-01-09,0.04,Infrastructure (Chip),United States
Unity,1800.0,2024-01-08,0.25,Other,United States
NuScale Power,154.0,2024-01-08,0.28,Infrastructure (Chip),United States
Flexe,99.0,2024-01-08,0.38,Cloud & Ecosystems,United States
Pitch,80.0,2024-01-08,0.67,Other,Europe
NanoString Technologies,50.0,2024-01-06,0.09,Software & Platform,United States
Xerox,3000.0,2024-01-03,0.15,Infrastructure (Chip),United States
Frontdesk,200.0,2024-01-02,1.0,Consumer & Retail,United States
The Messenger,24.0,2024-01-02,,Software & Platform,United States
Checkout.com,80.0,2023-12-18,,Data & Storage,Europe
Arm Holdings,70.0,2023-12-18,,Infrastructure (Chip),China
Glowforge,30.0,2023-12-15,,Infrastructure (Chip),United States
Solarisbank,20.0,2023-12-14,,Data & Storage,Europe
Invitae,235.0,2023-12-13,0.15,Software & Platform,United States
Etsy,225.0,2023-12-13,0.11,Consumer & Retail,United States
Analog Devices,111.0,2023-12-13,,Infrastructure (Chip),United States
ForgeRock,109.0,2023-12-13,,Other,United States
Flex,31.0,2023-12-13,,Infrastructure (Chip),United States
Zulily,839.0,2023-12-08,1.0,Consumer & Retail,United States
Navan,145.0,2023-12-06,,Consumer & Retail,United States
Tidal,40.0,2023-12-06,0.1,Consumer & Retail,United States
TuSimple,150.0,2023-12-04,,Cloud & Ecosystems,United States
Meow Wolf,8.0,2023-12-04,,Software & Platform,United States
Dataminr,150.0,2023-11-28,0.2,Software & Platform,United States
VMware,2837.0,2023-11-27,,Cloud & Ecosystems,United States
Bytedance,1000.0,2023-11-27,,Consumer & Retail,China
McMakler,60.0,2023-11-21,,Data & Storage,Europe
NextGen Healthcare,84.0,2023-11-17,,Software & Platform,United States
Sierra Space,115.0,2023-11-16,,Infrastructure (Chip),United States
Chewy,200.0,2023-11-14,,Consumer & Retail,United States
Sarcos,150.0,2023-11-14,,Infrastructure (Chip),United States
Oportun,185.0,2023-11-07,0.07,Data & Storage,United States
Viasat,800.0,2023-11-02,0.1,Other,United States
Beyond Meat,65.0,2023-11-02,0.08,Consumer & Retail,United States
Informatica,545.0,2023-11-01,0.1,Data & Storage,United States
Splunk,500.0,2023-11-01,0.07,Data & Storage,United States
Faire,250.0,2023-11-01,0.2,Consumer & Retail,United States
Sana Benefits,73.0,2023-11-01,0.5,Business Services,United States
StepStone,215.0,2023-10-30,0.05,Business Services,Europe
Hubilo,50.0,2023-10-30,,Other,United States
Hippo Insurance,120.0,2023-10-26,0.2,Data & Storage,United States
Salsify,110.0,2023-10-25,,Consumer & Retail,United States
 F-Secure ,70.0,2023-10-25,,Cloud & Ecosystems,Europe
SiFive,130.0,2023-10-24,0.2,Infrastructure (Chip),United States
Parity Technologies,100.0,2023-10-23,0.3,Cloud & Ecosystems,Europe
Roblox China,15.0,2023-10-23,,Consumer & Retail,China
Nomad Health,119.0,2023-10-20,0.17,Software & Platform,United States
Convoy,500.0,2023-10-19,1.0,Cloud & Ecosystems,United States
Bullhorn,140.0,2023-10-19,0.09,Business Services,United States
LegalZoom,100.0,2023-10-19,,Data & Storage,United States
ManoMano,230.0,2023-10-18,0.25,Consumer & Retail,Europe
Plume,24.0,2023-10-18,,Software & Platform,United States
Kayak / OpenTable,80.0,2023-10-16,,Consumer & Retail,United States
Bandcamp,58.0,2023-10-16,0.5,Other,United States
Qualcomm,1258.0,2023-10-12,0.02,Infrastructure (Chip),United States
Lending Club,172.0,2023-10-12,0.14,Data & Storage,United States
MariaDB,84.0,2023-10-12,0.28,Data & Storage,United States
Deepgram,20.0,2023-10-11,0.2,Software & Platform,United States
Stitch Fix,558.0,2023-10-09,,Consumer & Retail,United States
VTrips,75.0,2023-10-07,0.09,Consumer & Retail,United States
Juniper Networks,440.0,2023-10-06,0.04,Infrastructure (Chip),United States
SchoolMint,29.0,2023-10-05,0.14,Software & Platform,United States
SeekOut,16.0,2023-10-05,0.07,Business Services,United States
Qualtrics,780.0,2023-10-04,0.14,Other,United States
Chainalysis,150.0,2023-10-02,0.15,Cloud & Ecosystems,United States
Synapse,86.0,2023-10-02,0.4,Data & Storage,United States
Chia Network,26.0,2023-10-02,0.37,Cloud & Ecosystems,United States
Cowbell,28.0,2023-09-29,0.12,Data & Storage,United States
N26,14.0,2023-09-29,,Data & Storage,Europe
Lululemon Studio,120.0,2023-09-28,,Software & Platform,United States
Lucid Software,75.0,2023-09-25,0.07,Other,United States
Eat Just,40.0,2023-09-22,,Consumer & Retail,United States
Appsmith,35.0,2023-09-22,0.25,Other,United States
Roblox,30.0,2023-09-22,,Consumer & Retail,United States
Merative,100.0,2023-09-21,,Software & Platform,Europe
Sage Therapeutics copy,290.0,2023-09-15,,Software & Platform,United States
Airtable,237.0,2023-09-14,0.27,Software & Platform,United States
Project44,116.0,2023-09-14,,Cloud & Ecosystems,United States
VideoAmp,40.0,2023-09-14,0.1,Business Services,United States
Evolve,175.0,2023-09-12,0.2,Consumer & Retail,United States
Binance.US,100.0,2023-09-12,0.33,Cloud & Ecosystems,United States
Homeday,40.0,2023-09-12,0.2,Data & Storage,Europe
Chargebee,100.0,2023-09-11,0.1,Data & Storage,United States
Divvy Homes,94.0,2023-09-11,,Data & Storage,United States
Grabango,34.0,2023-09-11,0.4,Consumer & Retail,United States
Drift,100.0,2023-09-07,0.25,Business Services,United States
Roku,360.0,2023-09-06,0.1,Software & Platform,United States
Absci,30.0,2023-09-05,0.15,Software & Platform,United States
Hodinkee,24.0,2023-09-05,0.2,Consumer & Retail,United States
Nexar,17.0,2023-09-04,0.14,Cloud & Ecosystems,United States
Pegasystems,240.0,2023-08-31,0.04,Business Services,United States
Biofourmis,120.0,2023-08-31,,Software & Platform,United States
Malwarebytes,100.0,2023-08-31,,Cloud & Ecosystems,United States
SkyKick,140.0,2023-08-30,,Other,United States
Huma,45.0,2023-08-30,0.1,Software & Platform,Europe
Zeplin,37.0,2023-08-30,0.35,Software & Platform,United States
Zebra Technologies,700.0,2023-08-28,0.07,Infrastructure (Chip),United States
HackerRank,53.0,2023-08-27,,Business Services,United States
Captiv8,8.0,2023-08-24,0.03,Business Services,United States
Atlas,150.0,2023-08-23,0.3,Business Services,United States
BlackLine,95.0,2023-08-23,0.05,Data & Storage,United States
Rivos,24.0,2023-08-23,0.06,Infrastructure (Chip),United States
Detectify,30.0,2023-08-18,,Cloud & Ecosystems,Europe
AppFolio,149.0,2023-08-17,0.09,Data & Storage,United States
FlexCar,20.0,2023-08-16,,Cloud & Ecosystems,United States
SecureWorks,300.0,2023-08-14,0.15,Cloud & Ecosystems,United States
Easee,200.0,2023-08-14,0.57,Infrastructure (Chip),Europe
SHINE Technologies,59.0,2023-08-10,,Other,United States
Blend,150.0,2023-08-09,0.19,Data & Storage,United States
Babylon Health,94.0,2023-08-09,,Software & Platform,Europe
Thoughtworks,579.0,2023-08-08,0.05,Other,United States
Rapid7,470.0,2023-08-08,0.18,Cloud & Ecosystems,United States
Doximity,100.0,2023-08-08,0.1,Software & Platform,United States
Caliva,54.0,2023-08-08,,Consumer & Retail,United States
Qomplx,60.0,2023-08-04,,Software & Platform,United States
CodeClan,57.0,2023-08-04,1.0,Software & Platform,Europe
BetterUp,100.0,2023-08-02,0.16,Business Services,United States
Gem,70.0,2023-08-02,,Business Services,United States
Archipelago,40.0,2023-08-01,0.3,Data & Storage,United States
Kape Technologies,200.0,2023-07-30,0.3,Cloud & Ecosystems,Europe
Kape,180.0,2023-07-28,,Cloud & Ecosystems,Europe
Wish,255.0,2023-07-27,0.34,Consumer & Retail,United States
Point,61.0,2023-07-27,0.28,Data & Storage,United States
Figure,90.0,2023-07-26,0.2,Cloud & Ecosystems,United States
Deep Instict,46.0,2023-07-25,0.15,Cloud & Ecosystems,United States
PathAI,87.0,2023-07-21,,Software & Platform,United States
Viaplay,450.0,2023-07-20,0.25,Software & Platform,Europe
Stoa,80.0,2023-07-20,0.8,Data & Storage,United States
AgentSync,67.0,2023-07-19,0.24,Data & Storage,United States
Inspirato,50.0,2023-07-19,0.06,Consumer & Retail,United States
Tilia,28.0,2023-07-19,0.32,Data & Storage,United States
Cameo,80.0,2023-07-18,,Consumer & Retail,United States
PayScale,14.0,2023-07-14,0.02,Business Services,United States
Tempo Automation,62.0,2023-07-13,,Other,United States
Factorial,20.0,2023-07-13,,Business Services,Europe
DeepVerge,50.0,2023-07-12,1.0,Software & Platform,Europe
Freightos,50.0,2023-07-12,0.13,Cloud & Ecosystems,United States
Matterport,170.0,2023-07-11,0.3,Data & Storage,United States
Everquote,100.0,2023-07-11,,Data & Storage,United States
Rad Power Bikes,40.0,2023-07-10,,Cloud & Ecosystems,United States
Amdocs,2000.0,2023-07-06,0.06,Business Services,United States
FNZ,1000.0,2023-07-06,0.15,Data & Storage,Europe
Perfect Day,134.0,2023-07-06,0.15,Consumer & Retail,United States
Solidigm,98.0,2023-07-06,,Infrastructure (Chip),United States
Highsnobiety,24.0,2023-07-03,0.1,Software & Platform,Europe
Headspace,181.0,2023-06-29,0.15,Software & Platform,United States
Artsy,35.0,2023-06-29,0.15,Consumer & Retail,United States
Candy Digital,30.0,2023-06-29,,Cloud & Ecosystems,United States
Insider Intelligence,20.0,2023-06-29,,Software & Platform,United States
ClickUp,90.0,2023-06-28,0.1,Other,United States
Karat,47.0,2023-06-28,,Business Services,United States
Plex,37.0,2023-06-28,0.2,Software & Platform,United States
Selina,350.0,2023-06-27,,Consumer & Retail,Europe
New Relic,255.0,2023-06-27,0.1,Cloud & Ecosystems,United States
Tibber,50.0,2023-06-27,,Infrastructure (Chip),Europe
Robinhood,150.0,2023-06-26,0.07,Data & Storage,United States
Anaplan,300.0,2023-06-21,,Other,United States
Uber,200.0,2023-06-21,,Cloud & Ecosystems,United States
Tackle.io,75.0,2023-06-21,,Cloud & Ecosystems,United States
OLX Group,800.0,2023-06-20,,Business Services,Europe
AvantStay,37.0,2023-06-20,,Consumer & Retail,United States
Pilot,45.0,2023-06-16,0.13,Data & Storage,United States
CareRev,100.0,2023-06-15,0.33,Software & Platform,United States
Bitwise,900.0,2023-06-14,1.0,Cloud & Ecosystems,United States
Olo,81.0,2023-06-14,0.11,Consumer & Retail,United States
Western Digital,211.0,2023-06-13,,Infrastructure (Chip),United States
JupiterOne,8.0,2023-06-13,,Cloud & Ecosystems,United States
TaxBit,80.0,2023-06-11,0.4,Cloud & Ecosystems,United States
Expel,60.0,2023-06-09,0.1,Cloud & Ecosystems,United States
Cityblock Health,155.0,2023-06-08,0.12,Software & Platform,United States
Highspot,140.0,2023-06-08,0.15,Business Services,United States
Sumo Logic,79.0,2023-06-07,,Data & Storage,United States
Flatiron Health,39.0,2023-06-07,,Software & Platform,United States
Coherent,196.0,2023-06-06,,Infrastructure (Chip),United States
Reddit,90.0,2023-06-06,0.05,Consumer & Retail,United States
Dragos,50.0,2023-06-06,0.09,Cloud & Ecosystems,United States
Staffbase,90.0,2023-06-02,,Other,Europe
Haven Technologies,280.0,2023-06-01,0.7,Data & Storage,United States
Mural,170.0,2023-06-01,,Software & Platform,United States
Vendr,100.0,2023-05-31,0.25,Other,United States
Mux,40.0,2023-05-31,0.3,Cloud & Ecosystems,United States
Away,22.0,2023-05-31,0.08,Consumer & Retail,United States
Taxfix,120.0,2023-05-30,0.2,Data & Storage,Europe
DHI Group,53.0,2023-05-26,0.1,Business Services,United States
BenevolentAI,180.0,2023-05-25,,Software & Platform,Europe
Circus Kitchens,35.0,2023-05-25,,Consumer & Retail,Europe
WillowTree,120.0,2023-05-24,0.11,Business Services,United States
Flink,100.0,2023-05-24,0.16,Consumer & Retail,Europe
Moss,30.0,2023-05-19,,Data & Storage,Europe
Pie Insurance,63.0,2023-05-18,0.14,Data & Storage,United States
Cerner,3000.0,2023-05-16,0.11,Software & Platform,United States
Lemonade,45.0,2023-05-16,0.03,Data & Storage,United States
Nuro,340.0,2023-05-12,0.3,Cloud & Ecosystems,United States
Slickdeals,79.0,2023-05-12,0.33,Consumer & Retail,United States
Varo,97.0,2023-05-11,,Data & Storage,United States
Similarweb,60.0,2023-05-10,0.06,Other,United States
Stack Overflow,58.0,2023-05-10,0.1,Business Services,United States
Sonatype,100.0,2023-05-09,0.14,Cloud & Ecosystems,United States
Glean AI,5.0,2023-05-08,,Data & Storage,United States
Twist Bioscience,270.0,2023-05-05,0.25,Software & Platform,United States
Sabre,1100.0,2023-05-04,0.15,Consumer & Retail,United States
Scribe Media,90.0,2023-05-04,1.0,Business Services,United States
Autograph,30.0,2023-05-04,0.33,Cloud & Ecosystems,United States
Upwork,137.0,2023-05-03,0.15,Other,United States
Zymergen,27.0,2023-05-03,,Other,United States
TheSkimm,22.0,2023-05-03,0.13,Software & Platform,United States
Bishop Fox,50.0,2023-05-02,0.13,Cloud & Ecosystems,United States
SAS,250.0,2023-05-01,,Data & Storage,United States
Lev,34.0,2023-05-01,,Data & Storage,United States
Embark Vet,28.0,2023-04-28,,Software & Platform,United States
Alteryx,320.0,2023-04-27,0.11,Data & Storage,United States
Greenhouse,100.0,2023-04-27,0.12,Business Services,United States
Rebellion Defense,90.0,2023-04-27,,Data & Storage,United States
Poppulo,85.0,2023-04-27,,Business Services,United States
Chief,43.0,2023-04-27,0.14,Other,United States
Teampay,30.0,2023-04-26,0.33,Data & Storage,United States
Rapid,115.0,2023-04-25,0.5,Data & Storage,United States
Red Hat,760.0,2023-04-24,0.04,Other,United States
BigPanda,40.0,2023-04-24,0.13,Cloud & Ecosystems,United States
Benchling,74.0,2023-04-21,0.09,Other,United States
BuzzFeed,180.0,2023-04-20,0.15,Software & Platform,United States
Gloat,35.0,2023-04-20,0.12,Business Services,United States
WalkMe,112.0,2023-04-19,0.1,Other,United States
TRM Labs,16.0,2023-04-18,0.09,Cloud & Ecosystems,United States
Ten Square Games,120.0,2023-04-17,0.25,Consumer & Retail,Europe
Clearcover,81.0,2023-04-17,0.15,Data & Storage,United States
Ynsect,17.0,2023-04-17,0.25,Consumer & Retail,Europe
Drip Capital,75.0,2023-04-14,0.2,Data & Storage,United States
Community Gaming,17.0,2023-04-14,0.17,Cloud & Ecosystems,United States
Snyk,128.0,2023-04-13,,Cloud & Ecosystems,United States
Astronomer,100.0,2023-04-13,0.4,Data & Storage,United States
Science 37,140.0,2023-04-12,,Software & Platform,United States
Permutive,80.0,2023-04-11,0.4,Business Services,Europe
Nori,10.0,2023-04-10,0.37,Infrastructure (Chip),United States
Pear Therapeutics,170.0,2023-04-07,0.92,Software & Platform,United States
Workit Health,100.0,2023-04-07,,Software & Platform,United States
Avocargo,16.0,2023-04-06,1.0,Cloud & Ecosystems,Europe
Amplitude,99.0,2023-04-05,0.13,Data & Storage,United States
Foundation Medicine,135.0,2023-04-04,,Software & Platform,United States
Boost,15.0,2023-04-04,0.2,Data & Storage,United States
Hyland Software,1000.0,2023-04-03,0.2,Other,United States
View,170.0,2023-04-03,0.23,Other,United States
Guideline,48.0,2023-04-03,0.11,Data & Storage,United States
Domestika,89.0,2023-03-31,0.45,Software & Platform,Europe
Hulu,200.0,2023-03-30,,Software & Platform,China
LendingTree,150.0,2023-03-30,0.13,Data & Storage,United States
Loop,19.0,2023-03-30,0.25,Data & Storage,United States
Crossbeam,17.0,2023-03-30,0.15,Business Services,United States
CoverMyMeds,800.0,2023-03-29,,Software & Platform,United States
Seagate,480.0,2023-03-29,,Infrastructure (Chip),United States
iCAD,23.0,2023-03-29,0.28,Software & Platform,United States
Blue Nile,119.0,2023-03-28,,Consumer & Retail,United States
AEye,46.0,2023-03-28,0.33,Cloud & Ecosystems,United States
Rackspace,275.0,2023-03-27,,Data & Storage,United States
Aspiration,170.0,2023-03-24,,Data & Storage,United States
Cimpress,500.0,2023-03-23,,Consumer & Retail,Europe
Slite,10.0,2023-03-23,0.25,Other,Europe
Logitech,300.0,2023-03-22,,Infrastructure (Chip),Europe
Glassdoor,140.0,2023-03-22,0.15,Business Services,United States
Wejo,40.0,2023-03-22,0.16,Cloud & Ecosystems,Europe
Marvell,320.0,2023-03-21,0.04,Infrastructure (Chip),United States
Workhuman,130.0,2023-03-21,0.1,Business Services,Europe
Xing,68.0,2023-03-21,,Business Services,Europe
Course Hero,42.0,2023-03-16,0.15,Software & Platform,United States
Leafly,40.0,2023-03-16,0.21,Consumer & Retail,United States
Klaviyo,140.0,2023-03-15,,Business Services,United States
Boxed,32.0,2023-03-15,0.25,Consumer & Retail,United States
Fetch,100.0,2023-03-14,0.1,Consumer & Retail,United States
Anchorage Digital,75.0,2023-03-14,0.2,Cloud & Ecosystems,United States
Samsung,30.0,2023-03-14,,Infrastructure (Chip),United States
Kaleidoscope,15.0,2023-03-14,0.3,Data & Storage,United States
Gopuff,100.0,2023-03-09,0.02,Consumer & Retail,United States
Morning Brew,40.0,2023-03-09,,Software & Platform,United States
Zwift,80.0,2023-03-07,0.15,Software & Platform,United States
No Fluff Jobs,13.0,2023-03-04,,Business Services,Europe
Embark Trucks,230.0,2023-03-03,0.7,Cloud & Ecosystems,United States
UserTesting,63.0,2023-03-03,,Business Services,United States
Airbnb,30.0,2023-03-03,,Consumer & Retail,United States
Zscaler,177.0,2023-03-02,0.03,Cloud & Ecosystems,United States
MasterClass,79.0,2023-03-02,,Software & Platform,United States
CNET,12.0,2023-03-02,0.1,Software & Platform,United States
Color Health,300.0,2023-03-01,,Software & Platform,United States
Waymo,209.0,2023-03-01,0.08,Cloud & Ecosystems,United States
PayFit,200.0,2023-03-01,0.2,Business Services,Europe
Ezoic,10.0,2023-02-28,,Cloud & Ecosystems,United States
Sono Motors,300.0,2023-02-27,,Cloud & Ecosystems,Europe
Cerebral,285.0,2023-02-27,0.15,Software & Platform,United States
Amount,130.0,2023-02-27,0.25,Data & Storage,United States
Stytch,19.0,2023-02-27,0.25,Cloud & Ecosystems,United States
Twitter,200.0,2023-02-25,0.1,Consumer & Retail,United States
Velodyne Lidar,220.0,2023-02-24,,Cloud & Ecosystems,United States
Medallia,59.0,2023-02-24,,Business Services,United States
Lucira Health,26.0,2023-02-24,,Software & Platform,United States
Stax,24.0,2023-02-24,,Data & Storage,United States
OneFootball,150.0,2023-02-23,0.32,Business Services,Europe
EVgo,40.0,2023-02-23,,Cloud & Ecosystems,United States
StrongDM,40.0,2023-02-23,,Cloud & Ecosystems,United States
Synamedia,200.0,2023-02-22,0.12,Software & Platform,Europe
TaskUs,186.0,2023-02-22,,Business Services,United States
Ethos Life,50.0,2023-02-21,,Data & Storage,United States
Basis Technologies,40.0,2023-02-21,0.04,Business Services,United States
Tencent,300.0,2023-02-17,,Consumer & Retail,China
Evernote,129.0,2023-02-17,,Consumer & Retail,United States
Pico Interactive,400.0,2023-02-16,0.2,Other,United States
The RealReal,230.0,2023-02-16,0.07,Consumer & Retail,United States
ServiceTitan,221.0,2023-02-15,0.08,Business Services,United States
DigitalOcean,200.0,2023-02-15,0.11,Cloud & Ecosystems,United States
Betterment,28.0,2023-02-15,,Data & Storage,United States
Blackbaud,500.0,2023-02-14,0.14,Other,United States
CommerceHub,371.0,2023-02-14,0.31,Consumer & Retail,United States
Dropp,60.0,2023-02-14,1.0,Consumer & Retail,Europe
Twilio,1500.0,2023-02-13,0.17,Other,United States
Electric,141.0,2023-02-13,0.25,Other,United States
EMX Digital,100.0,2023-02-13,1.0,Business Services,United States
Collective Health,54.0,2023-02-13,,Software & Platform,United States
Magic Eden,22.0,2023-02-13,,Cloud & Ecosystems,United States
TripleLift,100.0,2023-02-10,0.2,Business Services,United States
Yahoo,1600.0,2023-02-09,0.2,Consumer & Retail,United States
Misfits Market,649.0,2023-02-09,0.33,Consumer & Retail,United States
Olive AI,215.0,2023-02-09,0.35,Software & Platform,United States
GitLab,130.0,2023-02-09,0.07,Software & Platform,United States
Bark,126.0,2023-02-09,0.12,Consumer & Retail,United States
GoDaddy,530.0,2023-02-08,0.08,Business Services,United States
Gusto,126.0,2023-02-08,0.05,Business Services,United States
Gong,80.0,2023-02-08,0.07,Business Services,United States
Equitybee,24.0,2023-02-08,0.25,Data & Storage,United States
Salesloft,100.0,2023-02-07,0.1,Business Services,United States
LearnUpon,27.0,2023-02-07,0.09,Software & Platform,Europe
VinFast US,80.0,2023-02-06,,Cloud & Ecosystems,United States
Kyruus,70.0,2023-02-05,,Software & Platform,United States
Eightfold AI,90.0,2023-02-03,0.15,Business Services,United States
Protocol Labs,89.0,2023-02-03,0.2,Cloud & Ecosystems,United States
Mindstrong,127.0,2023-02-02,,Software & Platform,United States
NCC Group,125.0,2023-02-02,0.07,Cloud & Ecosystems,Europe
Bittrex,80.0,2023-02-02,,Cloud & Ecosystems,United States
Snowplow,40.0,2023-02-02,,Data & Storage,Europe
Articulate,38.0,2023-02-02,,Software & Platform,United States
DraftKings,140.0,2023-02-01,0.04,Consumer & Retail,United States
Cyren,121.0,2023-02-01,,Cloud & Ecosystems,United States
Workato,90.0,2023-02-01,0.1,Other,United States
Wheel,56.0,2023-02-01,0.28,Software & Platform,United States
Appgate,34.0,2023-02-01,0.08,Cloud & Ecosystems,United States
Exterro,24.0,2023-02-01,0.03,Data & Storage,United States
HubSpot,500.0,2023-01-31,0.07,Business Services,United States
Upstart,365.0,2023-01-31,0.2,Data & Storage,United States
Software AG,200.0,2023-01-31,0.04,Data & Storage,Europe
Tilting Point,60.0,2023-01-31,0.14,Consumer & Retail,United States
Philips,6000.0,2023-01-30,0.13,Software & Platform,Europe
Arrival,800.0,2023-01-30,0.5,Cloud & Ecosystems,Europe
Groupon,500.0,2023-01-30,,Consumer & Retail,United States
Impossible Foods copy,140.0,2023-01-30,0.2,Consumer & Retail,United States
CoinTracker,19.0,2023-01-28,,Cloud & Ecosystems,United States
Ruggable,100.0,2023-01-27,,Consumer & Retail,United States
Heycar,73.0,2023-01-27,,Cloud & Ecosystems,Europe
Confluent,221.0,2023-01-26,0.08,Data & Storage,United States
Glisser,25.0,2023-01-26,1.0,Consumer & Retail,Europe
Lam Research,1300.0,2023-01-25,0.07,Infrastructure (Chip),United States
Luno,330.0,2023-01-25,0.35,Cloud & Ecosystems,Europe
Clear Capital,250.0,2023-01-25,0.25,Data & Storage,United States
Guardant Health,130.0,2023-01-25,0.07,Software & Platform,United States
SirionLabs,130.0,2023-01-25,0.15,Data & Storage,United States
Tier Mobility,80.0,2023-01-25,0.07,Cloud & Ecosystems,Europe
Innovaccer,245.0,2023-01-24,0.15,Software & Platform,United States
Bolt,50.0,2023-01-24,0.1,Data & Storage,United States
Gitpod,21.0,2023-01-24,0.28,Software & Platform,Europe
OFFOR Health,16.0,2023-01-24,,Software & Platform,United States
Innovid,40.0,2023-01-23,0.1,Business Services,United States
Ermetic,30.0,2023-01-23,0.17,Cloud & Ecosystems,United States
Vox Media,130.0,2023-01-20,0.07,Software & Platform,United States
BitTorrent,92.0,2023-01-20,,Cloud & Ecosystems,United States
Edifecs,30.0,2023-01-20,,Software & Platform,United States
Citrine Informatics,22.0,2023-01-20,0.27,Data & Storage,United States
Capital One,1100.0,2023-01-19,,Data & Storage,United States
Proterra,300.0,2023-01-19,,Cloud & Ecosystems,United States
WeWork ,300.0,2023-01-19,,Data & Storage,United States
Saks.com,100.0,2023-01-19,0.05,Consumer & Retail,United States
CS Disco,62.0,2023-01-19,0.09,Data & Storage,United States
Hydrow,30.0,2023-01-19,,Software & Platform,United States
Sophos,450.0,2023-01-18,0.1,Cloud & Ecosystems,Europe
Teladoc Health,300.0,2023-01-18,0.06,Software & Platform,United States
8x8,155.0,2023-01-18,0.07,Business Services,United States
Jumpcloud,100.0,2023-01-18,0.12,Cloud & Ecosystems,United States
nCino,100.0,2023-01-18,0.07,Data & Storage,United States
Starry,100.0,2023-01-18,0.24,Other,United States
Clue,31.0,2023-01-18,0.31,Software & Platform,Europe
Addepar,20.0,2023-01-18,0.03,Data & Storage,United States
Britishvolt,206.0,2023-01-17,1.0,Cloud & Ecosystems,Europe
American Robotics,50.0,2023-01-17,0.65,Other,United States
Luxury Presence,44.0,2023-01-17,,Data & Storage,United States
RingCentral,30.0,2023-01-17,,Other,United States
Snappy,100.0,2023-01-15,0.3,Business Services,United States
Black Shark,900.0,2023-01-13,,Infrastructure (Chip),China
Bonterra ,140.0,2023-01-13,0.1,Other,United States
Vial,40.0,2023-01-13,,Software & Platform,United States
Blockchain.com,110.0,2023-01-12,0.28,Cloud & Ecosystems,Europe
Lattice,105.0,2023-01-12,0.15,Business Services,United States
Greenlight,104.0,2023-01-12,0.21,Data & Storage,United States
Mapbox,64.0,2023-01-12,,Data & Storage,United States
Definitive Healthcare,55.0,2023-01-12,0.06,Software & Platform,United States
Akili Labs,46.0,2023-01-12,0.3,Software & Platform,United States
Career Karma,22.0,2023-01-12,,Software & Platform,United States
Flexport,640.0,2023-01-11,0.2,Cloud & Ecosystems,United States
Verily,250.0,2023-01-11,0.15,Software & Platform,United States
Jumio,100.0,2023-01-11,0.06,Cloud & Ecosystems,United States
HashiCorp,69.0,2023-01-11,,Cloud & Ecosystems,United States
Intrinsic,40.0,2023-01-11,0.2,Other,United States
Citizen,33.0,2023-01-11,,Consumer & Retail,United States
Coinbase,950.0,2023-01-10,0.2,Cloud & Ecosystems,United States
Parler,60.0,2023-01-10,0.75,Consumer & Retail,United States
Cart.com,25.0,2023-01-10,0.04,Consumer & Retail,United States
Fate Therapeutics,315.0,2023-01-09,0.5700000000000001,Software & Platform,United States
Minute Media,50.0,2023-01-08,0.1,Software & Platform,Europe
Huobi,275.0,2023-01-06,0.2,Cloud & Ecosystems,China
Cue,388.0,2023-01-05,,Software & Platform,United States
SoundHound,200.0,2023-01-05,0.5,Other,United States
Socure,104.0,2023-01-05,0.19,Data & Storage,United States
Genesis,60.0,2023-01-05,0.3,Cloud & Ecosystems,United States
Everlane,30.0,2023-01-05,0.17,Consumer & Retail,United States
Personetics,30.0,2023-01-05,0.08,Business Services,United States
Uniphore,76.0,2023-01-03,0.1,Business Services,United States
PayU,150.0,2022-12-26,0.06,Data & Storage,Europe
Back Market,93.0,2022-12-23,0.13,Consumer & Retail,Europe
Zoopla,50.0,2022-12-23,,Data & Storage,Europe
Homebot,18.0,2022-12-19,0.13,Data & Storage,United States
Tomorrow,30.0,2022-12-16,0.25,Data & Storage,Europe
BigCommerce,180.0,2022-12-15,0.13,Consumer & Retail,United States
LeafLink,80.0,2022-12-15,0.31,Other,United States
Workmotion,60.0,2022-12-15,0.2,Business Services,Europe
Quanergy Systems,72.0,2022-12-14,,Cloud & Ecosystems,United States
Thumbtack,160.0,2022-12-13,0.14,Consumer & Retail,United States
Komodo Health,78.0,2022-12-13,0.09,Software & Platform,United States
Viant,46.0,2022-12-13,0.13,Business Services,United States
Pluralsight,400.0,2022-12-12,0.2,Software & Platform,United States
Freshly,329.0,2022-12-12,,Consumer & Retail,United States
Balto,35.0,2022-12-12,,Business Services,United States
Outschool,43.0,2022-12-10,0.25,Software & Platform,United States
Xentral,20.0,2022-12-10,0.1,Software & Platform,Europe
Bol.com,300.0,2022-12-09,0.1,Consumer & Retail,Europe
Share Now,150.0,2022-12-09,0.36,Cloud & Ecosystems,Europe
Primer,85.0,2022-12-09,0.33,Data & Storage,Europe
TechTarget,60.0,2022-12-08,0.05,Business Services,United States
Inscripta,43.0,2022-12-08,,Software & Platform,United States
CyCognito,30.0,2022-12-08,0.15,Cloud & Ecosystems,United States
Armis,25.0,2022-12-08,0.04,Cloud & Ecosystems,United States
Plaid,260.0,2022-12-07,0.2,Data & Storage,United States
Motive,237.0,2022-12-07,0.06,Cloud & Ecosystems,United States
Recur Forever,235.0,2022-12-07,,Cloud & Ecosystems,United States
Relativity,150.0,2022-12-07,0.1,Data & Storage,United States
Integral Ad Science,120.0,2022-12-07,0.13,Business Services,United States
Houzz,95.0,2022-12-07,0.08,Consumer & Retail,United States
Grover,40.0,2022-12-07,0.1,Consumer & Retail,Europe
Lithic,27.0,2022-12-07,0.18,Data & Storage,United States
Doma,515.0,2022-12-06,0.4,Data & Storage,United States
Weedmaps,175.0,2022-12-06,0.25,Other,United States
Adobe,100.0,2022-12-06,,Business Services,United States
Koinly,16.0,2022-12-06,0.14,Cloud & Ecosystems,Europe
Polly,47.0,2022-12-02,0.15,Data & Storage,United States
Bizzabo,100.0,2022-12-01,0.37,Business Services,United States
BloomTech,88.0,2022-12-01,0.5,Software & Platform,United States
Netlify,48.0,2022-12-01,0.16,Software & Platform,United States
Springbig,37.0,2022-12-01,0.23,Business Services,United States
DoorDash,1250.0,2022-11-30,0.06,Consumer & Retail,United States
Happy Money,158.0,2022-11-30,0.34,Data & Storage,United States
Wonder,130.0,2022-11-30,0.07,Consumer & Retail,United States
StudySmarter,70.0,2022-11-30,,Software & Platform,Europe
Grin,60.0,2022-11-30,0.13,Business Services,United States
Thread,30.0,2022-11-30,0.5,Consumer & Retail,Europe
Lyst,50.0,2022-11-29,0.25,Consumer & Retail,Europe
Infarm,500.0,2022-11-28,0.5,Other,Europe
ResearchGate,25.0,2022-11-28,0.1,Other,Europe
Carwow,70.0,2022-11-25,0.2,Cloud & Ecosystems,Europe
Carvana,1500.0,2022-11-18,0.08,Cloud & Ecosystems,United States
Synthego,105.0,2022-11-18,0.2,Software & Platform,United States
Splyt,57.0,2022-11-18,,Cloud & Ecosystems,Europe
Orchard,180.0,2022-11-17,,Data & Storage,United States
Homepoint,113.0,2022-11-17,,Data & Storage,United States
Juni,72.0,2022-11-17,0.33,Data & Storage,Europe
Chili Piper,58.0,2022-11-17,,Business Services,United States
Capitolis,37.0,2022-11-17,0.25,Data & Storage,United States
&Open,9.0,2022-11-17,0.09,Business Services,Europe
Wayflyer,200.0,2022-11-16,0.4,Business Services,Europe
Lokalise,76.0,2022-11-16,0.23,Other,United States
UiPath,241.0,2022-11-15,0.06,Data & Storage,United States
OwnBackup,170.0,2022-11-15,0.17,Cloud & Ecosystems,United States
Productboard,100.0,2022-11-15,0.2,Software & Platform,United States
Protocol,60.0,2022-11-15,1.0,Software & Platform,United States
Jimdo,50.0,2022-11-15,0.16,Other,Europe
The Zebra,50.0,2022-11-15,,Data & Storage,United States
CaptivateIQ,31.0,2022-11-15,0.1,Business Services,United States
Sema4,500.0,2022-11-14,,Software & Platform,United States
iFit,300.0,2022-11-14,0.2,Software & Platform,United States
Ribbon,170.0,2022-11-14,0.85,Data & Storage,United States
Intercom,124.0,2022-11-14,0.13,Business Services,United States
Science 37 ,90.0,2022-11-14,,Software & Platform,United States
Cardlytics,51.0,2022-11-14,,Business Services,United States
Cloudinary,40.0,2022-11-14,0.08,Software & Platform,United States
Veev,100.0,2022-11-11,0.3,Data & Storage,United States
Juul,400.0,2022-11-10,0.3,Consumer & Retail,United States
InfluxData,65.0,2022-11-10,0.27,Data & Storage,United States
Wistia,40.0,2022-11-10,,Business Services,United States
Ocavu,20.0,2022-11-10,0.48,Cloud & Ecosystems,United States
Flyhomes,300.0,2022-11-09,0.4,Data & Storage,United States
Root Insurance,137.0,2022-11-09,0.2,Data & Storage,United States
Liftoff,130.0,2022-11-09,0.15,Business Services,United States
Kabam,35.0,2022-11-09,0.07,Consumer & Retail,United States
EverBridge,200.0,2022-11-08,,Other,United States
Repertoire Immune Medicines,65.0,2022-11-08,0.5,Software & Platform,United States
Varonis,110.0,2022-11-06,0.05,Cloud & Ecosystems,United States
Brainly,25.0,2022-11-06,,Software & Platform,Europe
Planetly,200.0,2022-11-04,1.0,Other,Europe
Exodus,59.0,2022-11-04,0.22,Cloud & Ecosystems,United States
Shippo,60.0,2022-11-03,0.2,Cloud & Ecosystems,United States
Chime,156.0,2022-11-02,0.12,Data & Storage,United States
Smava,100.0,2022-11-02,0.15,Data & Storage,Europe
Iron Ox,50.0,2022-11-02,0.5,Consumer & Retail,United States
Digital Currency Gruop,10.0,2022-11-02,0.13,Cloud & Ecosystems,United States
Argo AI,259.0,2022-11-01,,Cloud & Ecosystems,United States
Booking.com,226.0,2022-11-01,,Consumer & Retail,United States
Kry,300.0,2022-10-31,0.1,Software & Platform,Europe
Notarize,60.0,2022-10-31,,Data & Storage,United States
EquityZen,30.0,2022-10-31,0.27,Data & Storage,United States
Fifth Season,100.0,2022-10-28,1.0,Consumer & Retail,United States
Advata,32.0,2022-10-28,0.21,Software & Platform,United States
Recharge,84.0,2022-10-27,0.17,Data & Storage,United States
MindBody,400.0,2022-10-26,0.15,Software & Platform,United States
Cybereason,200.0,2022-10-26,0.17,Cloud & Ecosystems,United States
GoFundMe,94.0,2022-10-26,0.12,Data & Storage,United States
Fundbox,150.0,2022-10-25,0.42,Data & Storage,United States
Embroker,30.0,2022-10-25,0.12,Data & Storage,United States
Elinvar,43.0,2022-10-21,0.33,Data & Storage,Europe
Zeus Living,64.0,2022-10-20,0.46,Data & Storage,United States
Loom,23.0,2022-10-20,0.11,Software & Platform,United States
Sales Boomerang,20.0,2022-10-20,,Business Services,United States
AtoB,32.0,2022-10-19,0.3,Data & Storage,United States
InfoSum,20.0,2022-10-19,0.12,Cloud & Ecosystems,Europe
Ada Health,50.0,2022-10-17,,Software & Platform,Europe
Flipboard,24.0,2022-10-16,0.21,Software & Platform,United States
Playdots,65.0,2022-10-13,1.0,Consumer & Retail,United States
6sense,150.0,2022-10-12,0.1,Business Services,United States
Sinch,150.0,2022-10-12,,Other,Europe
Noom,500.0,2022-10-11,0.1,Software & Platform,United States
MX,200.0,2022-10-11,,Data & Storage,United States
Pacaso,100.0,2022-10-11,0.3,Data & Storage,United States
Sketch,80.0,2022-10-11,,Other,Europe
Udacity,55.0,2022-10-11,0.13,Software & Platform,United States
Linkfire,35.0,2022-10-11,0.35,Business Services,Europe
SurveyMonkey,180.0,2022-10-10,0.11,Business Services,United States
Pavilion Data,96.0,2022-10-10,0.96,Cloud & Ecosystems,United States
BioMarin,120.0,2022-10-07,0.04,Software & Platform,United States
Rev.com,85.0,2022-10-07,,Data & Storage,United States
Landing,110.0,2022-10-06,,Data & Storage,United States
Impossible Foods,50.0,2022-10-06,0.06,Consumer & Retail,United States
Built In,50.0,2022-10-05,0.25,Business Services,United States
Homie,40.0,2022-10-04,0.13,Data & Storage,United States
Spin,78.0,2022-09-30,0.1,Cloud & Ecosystems,United States
Westwing,125.0,2022-09-29,,Consumer & Retail,Europe
Foxtrot,26.0,2022-09-23,0.035,Consumer & Retail,United States
NYDIG,110.0,2022-09-22,0.33,Cloud & Ecosystems,United States
Klarna,100.0,2022-09-22,,Data & Storage,Europe
Kitty Hawk,100.0,2022-09-21,1.0,Infrastructure (Chip),United States
Compass,271.0,2022-09-20,,Data & Storage,United States
Curative,109.0,2022-09-20,,Software & Platform,United States
Vesalius Therapeutics,29.0,2022-09-19,0.43,Software & Platform,United States
LivePerson,193.0,2022-09-15,0.11,Business Services,United States
Acast,70.0,2022-09-15,0.15,Software & Platform,Europe
WorkRamp,35.0,2022-09-15,0.2,Business Services,United States
Netflix,30.0,2022-09-14,,Software & Platform,United States
Rubius,160.0,2022-09-13,0.75,Software & Platform,United States
Taboola,100.0,2022-09-13,0.06,Business Services,United States
Patreon,80.0,2022-09-13,0.17,Software & Platform,United States
Mode Analytics,25.0,2022-09-12,,Data & Storage,United States
Genome Medical,23.0,2022-09-08,,Software & Platform,United States
Simple Feast,150.0,2022-09-07,1.0,Consumer & Retail,Europe
Demandbase,27.0,2022-09-07,0.03,Business Services,United States
Brave Care,40.0,2022-09-06,0.33,Software & Platform,United States
Urban Sports Club,55.0,2022-09-01,0.15,Software & Platform,Europe
Hedvig,12.0,2022-09-01,,Data & Storage,Europe
GoodRx,140.0,2022-08-31,0.16,Software & Platform,United States
TCR2,30.0,2022-08-31,0.2,Software & Platform,United States
Apartment List,29.0,2022-08-31,0.1,Data & Storage,United States
Artnight,26.0,2022-08-31,0.36,Consumer & Retail,Europe
Immersive Labs,38.0,2022-08-30,0.1,Cloud & Ecosystems,Europe
Nate,30.0,2022-08-30,,Consumer & Retail,United States
54gene,95.0,2022-08-29,0.3,Software & Platform,United States
Argyle,20.0,2022-08-26,0.07,Data & Storage,United States
Reali,140.0,2022-08-24,1.0,Data & Storage,United States
Packable,138.0,2022-08-23,0.2,Consumer & Retail,United States
Skedulo,31.0,2022-08-23,0.08,Business Services,United States
Plato,29.0,2022-08-23,0.5,Business Services,United States
Tufin,55.0,2022-08-21,0.1,Cloud & Ecosystems,United States
Woven,5.0,2022-08-16,0.15,Business Services,United States
ContraFect,16.0,2022-08-15,0.37,Software & Platform,United States
Truepill,175.0,2022-08-11,0.33,Software & Platform,United States
Calm,90.0,2022-08-11,0.2,Software & Platform,United States
FourKites,60.0,2022-08-11,0.08,Cloud & Ecosystems,United States
GoHealth,800.0,2022-08-09,0.2,Software & Platform,United States
Nutanix,270.0,2022-08-09,0.04,Cloud & Ecosystems,United States
Quanterix,130.0,2022-08-09,0.25,Software & Platform,United States
Shogun,48.0,2022-08-09,0.3,Consumer & Retail,United States
Warby Parker,63.0,2022-08-08,,Consumer & Retail,United States
Labelbox,36.0,2022-08-08,,Data & Storage,United States
10X Genomics,100.0,2022-08-04,0.08,Software & Platform,United States
On Deck,73.0,2022-08-04,0.33,Software & Platform,United States
Healthcare.com,149.0,2022-08-03,,Software & Platform,United States
The Org,13.0,2022-08-03,,Business Services,United States
Latch,115.0,2022-08-02,0.37,Cloud & Ecosystems,United States
Seegrid,90.0,2022-08-02,,Cloud & Ecosystems,United States
Nylas,80.0,2022-08-02,0.25,Software & Platform,United States
The Predictive Index,40.0,2022-08-02,,Business Services,United States
Stedi,23.0,2022-08-02,0.3,Software & Platform,United States
Imperfect Foods,50.0,2022-07-29,,Consumer & Retail,United States
Shelf Engine,43.0,2022-07-29,,Consumer & Retail,United States
Quantcast,40.0,2022-07-29,0.06,Business Services,United States
Metromile,60.0,2022-07-28,0.2,Data & Storage,United States
Allbirds,23.0,2022-07-28,,Consumer & Retail,United States
Dover,23.0,2022-07-26,0.3,Business Services,United States
Pear Therapeutics ,25.0,2022-07-25,0.09,Software & Platform,United States
Workstream,45.0,2022-07-22,,Business Services,United States
Clarify Health,15.0,2022-07-22,0.05,Software & Platform,United States
Callisto Media,140.0,2022-07-21,0.35,Software & Platform,United States
AppGate,130.0,2022-07-21,0.22,Cloud & Ecosystems,United States
WHOOP,95.0,2022-07-21,0.15,Software & Platform,United States
Lunchbox,60.0,2022-07-21,0.33,Consumer & Retail,United States
RealSelf,11.0,2022-07-21,0.05,Software & Platform,United States
Just Eat Takeaway,390.0,2022-07-20,,Consumer & Retail,Europe
BlueStacks,60.0,2022-07-20,,Other,United States
Splice,23.0,2022-07-20,,Software & Platform,United States
Arc,13.0,2022-07-20,,Business Services,United States
Olive,450.0,2022-07-19,0.31,Software & Platform,United States
M1,38.0,2022-07-19,,Data & Storage,United States
SellerX,28.0,2022-07-19,,Consumer & Retail,Europe
Stint,28.0,2022-07-19,0.2,Business Services,Europe
PACT Pharma,94.0,2022-07-18,,Software & Platform,United States
Heroes,24.0,2022-07-15,0.2,Consumer & Retail,Europe
Aspire,23.0,2022-07-15,,Business Services,United States
Zego,85.0,2022-07-14,0.17,Data & Storage,Europe
The Mom Project,54.0,2022-07-14,0.15,Business Services,United States
Unstoppable Domains,42.0,2022-07-14,0.25,Cloud & Ecosystems,United States
Kiavi,39.0,2022-07-14,0.07,Data & Storage,United States
Tonal,262.0,2022-07-13,0.35,Software & Platform,United States
Bryter,100.0,2022-07-13,0.3,Software & Platform,Europe
100 Thieves,12.0,2022-07-13,,Consumer & Retail,United States
Babylon,100.0,2022-07-12,,Software & Platform,Europe
Hopin,242.0,2022-07-11,0.29,Other,Europe
SundaySky,24.0,2022-07-11,0.13,Business Services,United States
PuduTech,1500.0,2022-07-08,,Other,China
Butler Hospitality,1000.0,2022-07-08,1.0,Consumer & Retail,United States
Calibrate,156.0,2022-07-08,0.24,Software & Platform,United States
Next Insurance,150.0,2022-07-07,0.17,Data & Storage,United States
Adwerx,40.0,2022-07-07,,Business Services,United States
Emotive,30.0,2022-07-07,0.18,Business Services,United States
Remote,100.0,2022-07-06,0.09,Business Services,United States
SQream,30.0,2022-07-06,0.18,Data & Storage,United States
Transmit Security,27.0,2022-07-05,0.07,Cloud & Ecosystems,United States
Thimble,20.0,2022-07-05,0.33,Data & Storage,United States
Chessable,29.0,2022-07-04,,Consumer & Retail,Europe
Lendis,18.0,2022-07-04,0.15,Other,Europe
Gorillas,540.0,2022-07-03,,Consumer & Retail,Europe
Celsius,150.0,2022-07-03,0.25,Cloud & Ecosystems,United States
WanderJaunt,85.0,2022-07-01,1.0,Consumer & Retail,United States
Bamboo Health,52.0,2022-07-01,,Software & Platform,United States
Teleport,15.0,2022-07-01,0.06,Cloud & Ecosystems,United States
Enjoy,400.0,2022-06-30,0.18,Consumer & Retail,United States
Stash Financial,40.0,2022-06-30,0.08,Data & Storage,United States
Stream,20.0,2022-06-30,0.12,Software & Platform,United States
Finleap Connect,14.0,2022-06-30,0.1,Data & Storage,Europe
Abra,12.0,2022-06-30,0.05,Cloud & Ecosystems,United States
Qumulo,80.0,2022-06-29,0.19,Data & Storage,United States
Parallel Wireless,60.0,2022-06-29,,Cloud & Ecosystems,United States
Rows,18.0,2022-06-29,0.3,Other,Europe
Baton,16.0,2022-06-29,0.25,Cloud & Ecosystems,United States
Substack,13.0,2022-06-29,0.14,Software & Platform,United States
StockX,120.0,2022-06-28,0.08,Consumer & Retail,United States
Sidecar Health,110.0,2022-06-28,0.4,Software & Platform,United States
SafeGraph,27.0,2022-06-27,0.25,Data & Storage,United States
Postscript,43.0,2022-06-26,,Business Services,United States
Bitpanda,270.0,2022-06-24,0.27,Cloud & Ecosystems,Europe
Sunday,90.0,2022-06-24,0.23,Data & Storage,United States
Bestow,41.0,2022-06-24,0.14,Data & Storage,United States
Aura,70.0,2022-06-23,0.09,Cloud & Ecosystems,United States
Pipl,22.0,2022-06-23,0.13,Cloud & Ecosystems,United States
Vouch,15.0,2022-06-23,0.07,Data & Storage,United States
Voyage SMS,8.0,2022-06-23,0.13,Business Services,United States
IronNet,90.0,2022-06-22,0.35,Cloud & Ecosystems,United States
Bungalow,70.0,2022-06-22,,Data & Storage,United States
Superpedestrian,35.0,2022-06-22,0.07,Cloud & Ecosystems,United States
Community,40.0,2022-06-21,0.3,Business Services,United States
Sourcegraph,24.0,2022-06-21,0.08,Software & Platform,United States
SummerBio,101.0,2022-06-20,1.0,Software & Platform,United States
Finite State,16.0,2022-06-17,0.2,Cloud & Ecosystems,United States
JOKR,50.0,2022-06-16,0.05,Consumer & Retail,United States
Zumper,45.0,2022-06-16,0.15,Data & Storage,United States
Swappie,250.0,2022-06-15,0.17,Consumer & Retail,Europe
Weee!,150.0,2022-06-15,0.1,Consumer & Retail,United States
Tonkean,23.0,2022-06-15,0.23,Other,United States
Airtame,15.0,2022-06-15,,Consumer & Retail,Europe
TIFIN,24.0,2022-06-14,0.1,Cloud & Ecosystems,United States
BlockFi,250.0,2022-06-13,0.2,Cloud & Ecosystems,United States
Wave Sports and Entertainment,56.0,2022-06-13,0.33,Software & Platform,United States
Studio,33.0,2022-06-13,0.4,Software & Platform,United States
Berlin Brands Group,100.0,2022-06-10,0.1,Consumer & Retail,Europe
Freetrade,45.0,2022-06-10,0.15,Data & Storage,Europe
Albert,20.0,2022-06-10,0.08,Data & Storage,United States
OneTrust,950.0,2022-06-09,0.25,Cloud & Ecosystems,United States
Daniel Wellington,200.0,2022-06-09,0.15,Consumer & Retail,Europe
Hologram,80.0,2022-06-09,0.4,Cloud & Ecosystems,United States
Boozt,70.0,2022-06-09,0.05,Consumer & Retail,Europe
The Grommet,40.0,2022-06-09,1.0,Consumer & Retail,United States
Preply,26.0,2022-06-09,0.05,Software & Platform,United States
Cazoo,750.0,2022-06-07,0.15,Cloud & Ecosystems,Europe
Bird,138.0,2022-06-07,0.23,Cloud & Ecosystems,United States
ID.me,130.0,2022-06-07,,Cloud & Ecosystems,United States
KiwiCo,40.0,2022-06-07,,Consumer & Retail,United States
Dutchie,50.0,2022-06-06,0.07,Other,United States
Superhuman,23.0,2022-06-03,0.22,Consumer & Retail,United States
Food52,21.0,2022-06-03,0.15,Consumer & Retail,United States
PolicyGenius,170.0,2022-06-02,0.25,Data & Storage,United States
Stord,59.0,2022-06-02,0.08,Cloud & Ecosystems,United States
Gather,30.0,2022-06-02,0.33,Consumer & Retail,United States
Shef,29.0,2022-06-02,,Consumer & Retail,United States
IRL,25.0,2022-06-02,0.25,Consumer & Retail,United States
Curve,65.0,2022-06-01,0.1,Data & Storage,Europe
Skillshare,31.0,2022-06-01,,Software & Platform,United States
Impala,30.0,2022-06-01,0.35,Consumer & Retail,Europe
Replicated,50.0,2022-05-31,,Cloud & Ecosystems,United States
Tomo,44.0,2022-05-31,0.33,Data & Storage,United States
BookClub,12.0,2022-05-31,0.25,Software & Platform,United States
Uncapped,29.0,2022-05-27,0.26,Data & Storage,Europe
Dazn,50.0,2022-05-26,0.02,Consumer & Retail,Europe
Lacework,300.0,2022-05-25,0.2,Cloud & Ecosystems,United States
PeerStreet,75.0,2022-05-25,,Data & Storage,United States
Kontist,50.0,2022-05-25,0.25,Data & Storage,Europe
Nuri,45.0,2022-05-25,0.2,Data & Storage,Europe
Coterie Insurance,30.0,2022-05-25,0.2,Data & Storage,United States
Outside,87.0,2022-05-20,0.15,Software & Platform,United States
Skillz,70.0,2022-05-20,0.1,Consumer & Retail,United States
Picsart,90.0,2022-05-17,0.08,Consumer & Retail,United States
Thirty Madison,24.0,2022-05-14,,Software & Platform,United States
CommonBond,22.0,2022-05-13,,Data & Storage,United States
Section4,32.0,2022-05-12,,Software & Platform,United States
DataRobot,70.0,2022-05-11,0.07,Data & Storage,United States
Pollen,200.0,2022-05-10,0.33,Consumer & Retail,Europe
Meero,350.0,2022-05-09,0.5,Other,Europe
Reef,750.0,2022-05-06,0.05,Cloud & Ecosystems,United States
divvyDOSE,62.0,2022-05-06,,Software & Platform,United States
Progrexion,100.0,2022-05-05,,Data & Storage,United States
Colossus,97.0,2022-05-04,,Infrastructure (Chip),United States
Mainstreet,45.0,2022-05-04,0.3,Data & Storage,United States
Ideoclick,40.0,2022-05-04,,Consumer & Retail,United States
Vise,25.0,2022-05-04,,Data & Storage,United States
Wahoo Fitness,50.0,2022-04-27,,Software & Platform,United States
Sigfox,64.0,2022-04-25,,Other,Europe
Clyde,22.0,2022-04-25,,Business Services,United States
Xiaohongshu,180.0,2022-04-21,0.09,Consumer & Retail,China
Humble,10.0,2022-04-15,,Software & Platform,United States
Ahead,44.0,2022-04-14,1.0,Software & Platform,United States
Workrise,450.0,2022-04-05,,Infrastructure (Chip),United States
Rasa,59.0,2022-03-30,0.4,Data & Storage,Europe
Curology,150.0,2022-03-16,,Software & Platform,United States
Knock,115.0,2022-03-15,0.46,Data & Storage,United States
Better.com,3000.0,2022-03-08,0.33,Data & Storage,United States
Adaptive Biotechnologies,100.0,2022-03-08,0.12,Software & Platform,United States
Hyperscience,100.0,2022-03-03,0.25,Data & Storage,United States
WeDoctor,500.0,2022-03-02,,Software & Platform,China
Virgin Hyperloop,111.0,2022-02-21,0.5,Cloud & Ecosystems,United States
Trustly,120.0,2022-02-17,,Data & Storage,Europe
Daily Harvest,60.0,2022-02-10,0.2,Consumer & Retail,United States
Rhino,57.0,2022-02-03,0.2,Data & Storage,United States
BitTitan,70.0,2021-11-18,0.27,Data & Storage,United States
InVision,22.0,2021-10-05,,Software & Platform,United States
Treehouse,41.0,2021-09-14,0.9,Software & Platform,United States
Tanium,30.0,2021-08-30,,Cloud & Ecosystems,United States
Flockjay,37.0,2021-08-24,0.5,Software & Platform,United States
Katerra,2434.0,2021-06-01,1.0,Infrastructure (Chip),United States
Lambda School,65.0,2021-04-29,,Software & Platform,United States
HuffPo,47.0,2021-03-09,,Software & Platform,United States
ThredUp,243.0,2021-02-09,,Consumer & Retail,United States
Indigo,80.0,2021-02-09,,Other,United States
Limelight,13.0,2021-02-04,1.0,Business Services,United States
Quandoo,87.0,2021-02-03,0.2,Consumer & Retail,Europe
Privitar,20.0,2021-01-27,,Data & Storage,Europe
Postmates,180.0,2021-01-23,0.15,Consumer & Retail,United States
Pulse Secure,78.0,2020-12-23,,Cloud & Ecosystems,United States
Actifio,54.0,2020-12-16,,Data & Storage,United States
Bridge Connector,154.0,2020-11-17,1.0,Software & Platform,United States
Tidepool,18.0,2020-11-17,0.4,Software & Platform,United States
Worksmith,30.0,2020-11-09,0.5,Consumer & Retail,United States
Remedy,82.0,2020-10-29,,Software & Platform,United States
Knotel,20.0,2020-10-29,0.08,Data & Storage,United States
CodeCombat,8.0,2020-10-23,,Software & Platform,United States
GetYourGuide,90.0,2020-10-14,0.17,Consumer & Retail,Europe
Alto Pharmacy,47.0,2020-09-29,0.06,Software & Platform,United States
NS8,240.0,2020-09-11,0.95,Data & Storage,United States
Bleacher Report,20.0,2020-09-11,,Software & Platform,Europe
Waze,30.0,2020-09-09,0.054,Cloud & Ecosystems,United States
Big Fish Games,250.0,2020-09-01,,Software & Platform,United States
Docly,8.0,2020-08-19,0.8,Software & Platform,Europe
Vesta,56.0,2020-08-05,,Business Services,United States
Buy.com / Rakuten,87.0,2020-07-30,1.0,Consumer & Retail,United States
Procore,180.0,2020-07-28,0.09,Infrastructure (Chip),United States
Zeitgold,75.0,2020-07-27,0.72,Data & Storage,Europe
Lighter Capital,22.0,2020-07-20,0.49,Data & Storage,United States
Optimizely,60.0,2020-07-15,0.15,Business Services,United States
Skyscanner,300.0,2020-07-14,0.2,Consumer & Retail,Europe
Yelp,63.0,2020-07-13,,Consumer & Retail,United States
Funding Circle,85.0,2020-07-08,,Data & Storage,United States
The Wing,56.0,2020-07-01,,Data & Storage,United States
Sharethrough,18.0,2020-07-01,,Business Services,United States
Kongregate,12.0,2020-07-01,,Software & Platform,United States
Havenly,5.0,2020-07-01,,Consumer & Retail,United States
G2,17.0,2020-06-30,0.05,Business Services,United States
Bossa Nova,61.0,2020-06-29,,Consumer & Retail,United States
ScaleFactor,90.0,2020-06-23,0.9,Data & Storage,United States
Dark,6.0,2020-06-23,1.0,Software & Platform,United States
WeWork,200.0,2020-06-19,,Data & Storage,Europe
Atlas Obscura ,15.0,2020-06-18,,Software & Platform,United States
Redox,44.0,2020-06-16,0.25,Software & Platform,United States
SynapseFI,63.0,2020-06-12,0.48,Data & Storage,United States
Her Campus Media,10.0,2020-06-10,0.18,Software & Platform,United States
The Athletic,46.0,2020-06-05,0.08,Software & Platform,United States
Lastline,50.0,2020-06-04,0.4,Cloud & Ecosystems,United States
Builder,39.0,2020-06-04,0.14,Software & Platform,United States
SpotHero,40.0,2020-06-03,0.21,Cloud & Ecosystems,United States
Credit Sesame,22.0,2020-06-03,0.14,Data & Storage,United States
Circ,100.0,2020-06-02,,Cloud & Ecosystems,Europe
Descartes Labs,12.0,2020-06-02,0.16,Data & Storage,United States
MakerBot,12.0,2020-06-02,,Consumer & Retail,United States
CrowdStreet,24.0,2020-06-01,0.22,Data & Storage,United States
Loftium,32.0,2020-05-29,0.6,Data & Storage,United States
StubHub,200.0,2020-05-28,,Consumer & Retail,United States
The Sill,20.0,2020-05-28,0.25,Consumer & Retail,United States
Instructure,150.0,2020-05-27,0.12,Software & Platform,United States
Bluprint,137.0,2020-05-26,1.0,Software & Platform,United States
Acorns,50.0,2020-05-26,,Data & Storage,United States
Teamwork,21.0,2020-05-22,,Other,Europe
Cvent,400.0,2020-05-21,0.1,Business Services,United States
Glitch,18.0,2020-05-21,0.36,Software & Platform,United States
Samsara,300.0,2020-05-20,0.18,Cloud & Ecosystems,United States
Stay Alfred,221.0,2020-05-20,1.0,Consumer & Retail,United States
SoFi,112.0,2020-05-20,0.07,Data & Storage,United States
Dotscience,10.0,2020-05-19,1.0,Software & Platform,Europe
Rubrik,57.0,2020-05-18,,Cloud & Ecosystems,United States
Intapp,45.0,2020-05-18,0.05,Data & Storage,United States
Quartz,80.0,2020-05-14,0.4,Software & Platform,United States
Ridecell,35.0,2020-05-14,0.15,Cloud & Ecosystems,United States
Veem,30.0,2020-05-14,,Data & Storage,United States
Deliv,669.0,2020-05-13,1.0,Consumer & Retail,United States
Kickstarter,25.0,2020-05-13,0.18,Data & Storage,United States
Mixpanel,65.0,2020-05-12,0.19,Data & Storage,United States
Hireology,36.0,2020-05-12,0.17,Business Services,United States
Revolut,60.0,2020-05-11,0.03,Data & Storage,Europe
Cadre,28.0,2020-05-11,0.25,Data & Storage,United States
Jump,500.0,2020-05-07,1.0,Cloud & Ecosystems,United States
Numbrs,62.0,2020-05-07,0.5,Data & Storage,Europe
SalesLoft,55.0,2020-05-07,,Business Services,United States
Tally,28.0,2020-05-07,0.23,Data & Storage,United States
Validity,130.0,2020-05-06,0.33,Data & Storage,United States
Flatiron School,100.0,2020-05-06,,Software & Platform,United States
Rubicon Project,50.0,2020-05-06,0.08,Business Services,United States
Segment,50.0,2020-05-06,0.1,Data & Storage,United States
Andela,135.0,2020-05-05,0.1,Business Services,United States
Workable,25.0,2020-05-05,0.1,Business Services,United States
LiveTiles,50.0,2020-05-03,,Other,United States
OYO,150.0,2020-05-01,,Consumer & Retail,Europe
Namely,110.0,2020-05-01,0.4,Business Services,United States
Culture Trip,95.0,2020-05-01,0.32,Software & Platform,Europe
Sandbox VR,80.0,2020-05-01,0.8,Consumer & Retail,United States
Virtudent,70.0,2020-05-01,,Software & Platform,United States
Monese,35.0,2020-05-01,,Data & Storage,Europe
Care.com,81.0,2020-04-30,,Consumer & Retail,United States
Kitopi,124.0,2020-04-29,,Consumer & Retail,United States
Lime,80.0,2020-04-29,0.13,Cloud & Ecosystems,United States
Transfix,24.0,2020-04-29,0.1,Cloud & Ecosystems,United States
App Annie,80.0,2020-04-28,0.18,Data & Storage,United States
OpenX,35.0,2020-04-28,0.15,Business Services,United States
PayJoy,27.0,2020-04-28,0.25,Data & Storage,United States
Shipsi,20.0,2020-04-28,0.5,Consumer & Retail,United States
Automation Anywhere,260.0,2020-04-27,0.1,Other,United States
JetClosing,20.0,2020-04-27,0.2,Data & Storage,United States
Divergent 3D,57.0,2020-04-24,0.36,Cloud & Ecosystems,United States
UPshow,19.0,2020-04-24,0.3,Business Services,United States
Horizn Studios,15.0,2020-04-24,0.25,Consumer & Retail,Europe
Welkin Health,10.0,2020-04-24,0.33,Software & Platform,United States
Jiobit,6.0,2020-04-24,0.21,Consumer & Retail,United States
Zenefits,87.0,2020-04-23,0.15,Business Services,United States
Oscar Health,70.0,2020-04-23,0.05,Software & Platform,United States
Simon Data,6.0,2020-04-23,,Business Services,United States
When I Work,55.0,2020-04-22,0.35,Business Services,United States
Ike,10.0,2020-04-22,0.14,Cloud & Ecosystems,United States
Casper,78.0,2020-04-21,0.21,Consumer & Retail,United States
Politico / Protocol,13.0,2020-04-21,,Software & Platform,United States
GumGum,90.0,2020-04-20,0.25,Business Services,United States
Zum,28.0,2020-04-20,,Cloud & Ecosystems,United States
Labster,40.0,2020-04-17,,Software & Platform,Europe
Sweetgreen,35.0,2020-04-17,0.1,Consumer & Retail,United States
People.ai,30.0,2020-04-17,0.18,Business Services,United States
Tor,13.0,2020-04-17,0.37,Cloud & Ecosystems,United States
CarGurus,130.0,2020-04-16,0.13,Cloud & Ecosystems,United States
Zume,200.0,2020-04-15,0.67,Consumer & Retail,United States
Carta,161.0,2020-04-15,0.16,Data & Storage,United States
Parsable,40.0,2020-04-15,0.25,Business Services,United States
Kodiak Robotics,15.0,2020-04-15,0.2,Cloud & Ecosystems,United States
Envoy,58.0,2020-04-14,0.3,Business Services,United States
DataStax,15.0,2020-04-14,,Data & Storage,United States
Zoox,100.0,2020-04-13,0.1,Cloud & Ecosystems,United States
EasyPost,50.0,2020-04-13,0.25,Cloud & Ecosystems,United States
NuoDB,20.0,2020-04-10,0.29,Data & Storage,United States
Rhumbix,16.0,2020-04-10,0.27,Infrastructure (Chip),United States
Atsu,6.0,2020-04-10,1.0,Cloud & Ecosystems,United States
Geekwire,5.0,2020-04-10,0.31,Software & Platform,United States
Domo,90.0,2020-04-09,0.1,Data & Storage,United States
Clinc,40.0,2020-04-09,0.32,Business Services,United States
Code42,25.0,2020-04-09,0.05,Data & Storage,United States
LoopMe,8.0,2020-04-09,0.04,Business Services,Europe
Scoop,92.0,2020-04-08,0.33,Cloud & Ecosystems,United States
Unison,89.0,2020-04-08,0.45,Data & Storage,United States
Lever,86.0,2020-04-08,0.4,Business Services,United States
Button,48.0,2020-04-08,0.35,Business Services,United States
Eden / Managed By Q,40.0,2020-04-08,0.4,Data & Storage,United States
BVAccel,25.0,2020-04-08,0.25,Business Services,United States
Spyce,4.0,2020-04-08,0.12,Consumer & Retail,United States
Sage Therapeutics,340.0,2020-04-07,0.53,Software & Platform,United States
Branch Metrics,100.0,2020-04-07,0.2,Business Services,United States
Newfront Insurance,94.0,2020-04-07,,Data & Storage,United States
Virta Health,65.0,2020-04-07,,Software & Platform,United States
MediaMath,53.0,2020-04-07,0.08,Business Services,United States
Group Nine Media,50.0,2020-04-07,0.07,Software & Platform,United States
Payfactors,46.0,2020-04-07,,Business Services,United States
Nav,30.0,2020-04-07,,Data & Storage,United States
BounceX,77.0,2020-04-06,0.2,Business Services,United States
Wordstream,26.0,2020-04-06,0.1,Business Services,United States
Cogito,24.0,2020-04-06,0.14,Business Services,United States
PerkSpot,10.0,2020-04-06,0.1,Business Services,United States
Astra,40.0,2020-04-05,0.25,Infrastructure (Chip),United States
Sojern,300.0,2020-04-03,0.5,Business Services,United States
Minted,147.0,2020-04-03,0.37,Consumer & Retail,United States
Arrive Logistics,75.0,2020-04-03,0.07,Cloud & Ecosystems,United States
Jetty,35.0,2020-04-03,0.4,Data & Storage,United States
D2iQ,34.0,2020-04-03,0.13,Cloud & Ecosystems,United States
Bustle Digital Group,24.0,2020-04-03,0.08,Software & Platform,United States
Anagram,17.0,2020-04-03,,Software & Platform,United States
G/O Media Group,14.0,2020-04-03,0.05,Software & Platform,United States
DSCO,12.0,2020-04-03,,Consumer & Retail,United States
Tripbam,10.0,2020-04-03,0.25,Consumer & Retail,United States
Avantage Entertainment,5.0,2020-04-03,0.2,Software & Platform,United States
ClassPass,154.0,2020-04-02,0.22,Software & Platform,United States
eGym,100.0,2020-04-02,0.25,Software & Platform,Europe
Industrious,90.0,2020-04-02,0.2,Data & Storage,United States
1stdibs,70.0,2020-04-02,0.17,Consumer & Retail,United States
ThirdLove,65.0,2020-04-02,0.3,Consumer & Retail,United States
Jobcase,39.0,2020-04-02,0.2,Business Services,United States
Copper,35.0,2020-04-02,,Business Services,United States
Dynamic Signal,35.0,2020-04-02,0.19,Business Services,United States
FiscalNote,30.0,2020-04-02,,Software & Platform,United States
Sauce Labs,30.0,2020-04-02,0.15,Cloud & Ecosystems,United States
Humu,26.0,2020-04-02,,Business Services,United States
Coding Dojo,7.0,2020-04-02,0.07,Software & Platform,United States
Synergysuite,5.0,2020-04-02,0.07,Consumer & Retail,United States
Booksy,200.0,2020-04-01,,Consumer & Retail,United States
PatientPop,100.0,2020-04-01,0.2,Software & Platform,United States
Earnin,50.0,2020-04-01,0.2,Data & Storage,United States
Wonolo,46.0,2020-04-01,0.13,Business Services,United States
Moovel,28.0,2020-04-01,0.37,Cloud & Ecosystems,United States
Crayon,20.0,2020-04-01,0.2,Business Services,United States
Pana,18.0,2020-04-01,,Consumer & Retail,United States
Usermind,15.0,2020-04-01,0.25,Business Services,United States
Incredible Health,9.0,2020-04-01,0.4,Software & Platform,United States
KeepTruckin,349.0,2020-03-31,0.18,Cloud & Ecosystems,United States
AdRoll,210.0,2020-03-31,0.3,Business Services,United States
Rover,194.0,2020-03-31,0.41,Consumer & Retail,United States
uShip,65.0,2020-03-31,0.37,Cloud & Ecosystems,United States
SkySlope,50.0,2020-03-31,0.25,Data & Storage,United States
Siteimprove,40.0,2020-03-31,,Business Services,United States
AngelList,20.0,2020-03-31,,Business Services,United States
Zenoti,17.0,2020-03-31,0.04,Software & Platform,United States
DialSource,5.0,2020-03-31,0.14,Business Services,United States
RigUp,120.0,2020-03-30,0.25,Infrastructure (Chip),United States
Maven,31.0,2020-03-30,0.09,Software & Platform,United States
Blume Global,30.0,2020-03-30,0.1,Cloud & Ecosystems,United States
Catalant,30.0,2020-03-30,,Other,United States
Loftsmart,25.0,2020-03-30,0.75,Data & Storage,United States
Iris Nova,9.0,2020-03-30,0.5,Consumer & Retail,United States
Amplero,17.0,2020-03-29,1.0,Business Services,United States
Polarr,10.0,2020-03-29,,Consumer & Retail,United States
OneWeb,451.0,2020-03-27,0.85,Infrastructure (Chip),Europe
Blueground,130.0,2020-03-27,0.25,Data & Storage,United States
Getaround,100.0,2020-03-27,0.25,Cloud & Ecosystems,United States
DISCO,75.0,2020-03-27,,Data & Storage,United States
Raken,60.0,2020-03-27,,Infrastructure (Chip),United States
Oh My Green,40.0,2020-03-27,,Consumer & Retail,United States
Bevi,30.0,2020-03-27,0.2,Consumer & Retail,United States
Opal,20.0,2020-03-27,,Business Services,United States
B8ta,250.0,2020-03-26,0.5,Consumer & Retail,United States
Puppet,50.0,2020-03-26,0.1,Cloud & Ecosystems,United States
Passport,44.0,2020-03-26,,Cloud & Ecosystems,United States
Peerspace,41.0,2020-03-26,0.75,Data & Storage,United States
GoSpotCheck,23.0,2020-03-26,0.2,Consumer & Retail,United States
Consider.co,13.0,2020-03-26,1.0,Other,United States
TripActions,300.0,2020-03-25,0.25,Consumer & Retail,United States
Lyric,100.0,2020-03-25,,Data & Storage,United States
O'Reilly Media,75.0,2020-03-25,0.15,Software & Platform,United States
OutboundEngine,52.0,2020-03-25,0.28,Business Services,United States
Wonderschool,50.0,2020-03-25,0.75,Software & Platform,United States
Overtime,30.0,2020-03-25,0.23,Software & Platform,United States
Jama,12.0,2020-03-25,0.05,Software & Platform,United States
Element Analytics,10.0,2020-03-25,,Data & Storage,United States
Takl,130.0,2020-03-24,,Consumer & Retail,United States
Foodsby,87.0,2020-03-24,0.67,Consumer & Retail,United States
TravelBank,20.0,2020-03-24,,Consumer & Retail,United States
Convene,150.0,2020-03-23,0.18,Data & Storage,United States
The Guild,38.0,2020-03-23,0.22,Consumer & Retail,United States
Drip,20.0,2020-03-23,,Business Services,United States
GrayMeta,20.0,2020-03-23,0.4,Data & Storage,United States
Triplebyte,15.0,2020-03-23,0.17,Business Services,United States
Ladder Life,13.0,2020-03-23,0.25,Data & Storage,United States
Flywheel Sports,784.0,2020-03-20,0.98,Software & Platform,United States
Peek,45.0,2020-03-20,,Consumer & Retail,United States
Yonder,18.0,2020-03-20,,Software & Platform,United States
Ejento,84.0,2020-03-19,1.0,Business Services,United States
Remote Year,50.0,2020-03-19,0.5,Consumer & Retail,United States
Lola,34.0,2020-03-19,,Consumer & Retail,United States
Flytedesk,4.0,2020-03-18,0.2,Business Services,United States
Help.com,16.0,2020-03-16,1.0,Business Services,United States
HopSkipDrive,8.0,2020-03-13,0.1,Cloud & Ecosystems,United States
Panda Squad,6.0,2020-03-13,0.75,Consumer & Retail,United States
Tamara Mellon,20.0,2020-03-12,0.4,Consumer & Retail,United States
